/*M!999999\- enable the sandbox mode */ 
-- MariaDB dump 10.19-11.8.6-MariaDB, for debian-linux-gnu (x86_64)
--
-- Host: localhost    Database: WarehouseDB
-- ------------------------------------------------------
-- Server version	11.8.6-MariaDB-6 from Debian

/*!40101 SET @OLD_CHARACTER_SET_CLIENT=@@CHARACTER_SET_CLIENT */;
/*!40101 SET @OLD_CHARACTER_SET_RESULTS=@@CHARACTER_SET_RESULTS */;
/*!40101 SET @OLD_COLLATION_CONNECTION=@@COLLATION_CONNECTION */;
/*!40101 SET NAMES utf8mb4 */;
/*!40103 SET @OLD_TIME_ZONE=@@TIME_ZONE */;
/*!40103 SET TIME_ZONE='+00:00' */;
/*!40014 SET @OLD_UNIQUE_CHECKS=@@UNIQUE_CHECKS, UNIQUE_CHECKS=0 */;
/*!40014 SET @OLD_FOREIGN_KEY_CHECKS=@@FOREIGN_KEY_CHECKS, FOREIGN_KEY_CHECKS=0 */;
/*!40101 SET @OLD_SQL_MODE=@@SQL_MODE, SQL_MODE='NO_AUTO_VALUE_ON_ZERO' */;
/*M!100616 SET @OLD_NOTE_VERBOSITY=@@NOTE_VERBOSITY, NOTE_VERBOSITY=0 */;

--
-- Table structure for table `dim_date`
--

DROP TABLE IF EXISTS `dim_date`;
/*!40101 SET @saved_cs_client     = @@character_set_client */;
/*!40101 SET character_set_client = utf8mb4 */;
CREATE TABLE `dim_date` (
  `release_date` date NOT NULL,
  `day` int(11) NOT NULL,
  `month` int(11) NOT NULL,
  `year` int(11) NOT NULL,
  `quarter` int(11) NOT NULL,
  PRIMARY KEY (`release_date`)
) ENGINE=InnoDB DEFAULT CHARSET=utf8mb4 COLLATE=utf8mb4_uca1400_ai_ci;
/*!40101 SET character_set_client = @saved_cs_client */;

--
-- Dumping data for table `dim_date`
--

SET @OLD_AUTOCOMMIT=@@AUTOCOMMIT, @@AUTOCOMMIT=0;
LOCK TABLES `dim_date` WRITE;
/*!40000 ALTER TABLE `dim_date` DISABLE KEYS */;
INSERT INTO `dim_date` VALUES
('2006-11-29',29,11,2006,4),
('2007-10-10',10,10,2007,4),
('2011-05-16',16,5,2011,2),
('2011-12-20',20,12,2011,4),
('2012-08-21',21,8,2012,3),
('2012-10-18',18,10,2012,4),
('2012-11-12',12,11,2012,4),
('2013-03-25',25,3,2013,1),
('2013-07-09',9,7,2013,3),
('2013-08-13',13,8,2013,3),
('2013-08-15',15,8,2013,3),
('2014-04-04',4,4,2014,2),
('2014-09-02',2,9,2014,3),
('2014-11-04',4,11,2014,4),
('2015-01-12',12,1,2015,1),
('2015-05-29',29,5,2015,2),
('2015-06-23',23,6,2015,2),
('2015-11-05',5,11,2015,4),
('2015-12-01',1,12,2015,4),
('2016-02-02',2,2,2016,1),
('2016-02-26',26,2,2016,1),
('2016-04-21',21,4,2016,2),
('2016-05-09',9,5,2016,2),
('2016-06-06',6,6,2016,2),
('2016-06-14',14,6,2016,2),
('2016-08-12',12,8,2016,3),
('2016-10-27',27,10,2016,4),
('2017-01-23',23,1,2017,1),
('2017-02-01',1,2,2017,1),
('2017-02-16',16,2,2017,1),
('2017-08-27',27,8,2017,3),
('2017-09-29',29,9,2017,3),
('2017-11-15',15,11,2017,4),
('2017-12-21',21,12,2017,4),
('2018-02-08',8,2,2018,1),
('2018-05-08',8,5,2018,2),
('2018-08-07',7,8,2018,3),
('2018-08-08',8,8,2018,3),
('2018-10-17',17,10,2018,4),
('2018-11-16',16,11,2018,4),
('2019-01-24',24,1,2019,1),
('2019-03-07',7,3,2019,1),
('2019-08-27',27,8,2019,3),
('2019-10-01',1,10,2019,4),
('2019-11-14',14,11,2019,4),
('2019-12-05',5,12,2019,4),
('2020-03-24',24,3,2020,1),
('2020-04-05',5,4,2020,2),
('2020-04-14',14,4,2020,2),
('2020-06-03',3,6,2020,2),
('2020-06-18',18,6,2020,2),
('2020-08-11',11,8,2020,3),
('2020-08-14',14,8,2020,3),
('2020-08-31',31,8,2020,3),
('2020-09-01',1,9,2020,3),
('2020-09-18',18,9,2020,3),
('2020-11-04',4,11,2020,4),
('2020-12-09',9,12,2020,4),
('2021-02-02',2,2,2021,1),
('2021-03-25',25,3,2021,1),
('2021-05-17',17,5,2021,2),
('2021-08-11',11,8,2021,3),
('2021-09-29',29,9,2021,3),
('2022-01-18',18,1,2022,1),
('2022-01-20',20,1,2022,1),
('2022-02-16',16,2,2022,1),
('2022-02-24',24,2,2022,1),
('2022-06-20',20,6,2022,2),
('2022-07-19',19,7,2022,3),
('2022-08-23',23,8,2022,3),
('2022-10-18',18,10,2022,4),
('2022-10-25',25,10,2022,4),
('2022-11-30',30,11,2022,4),
('2023-01-19',19,1,2023,1),
('2023-02-26',26,2,2023,1),
('2023-03-23',23,3,2023,1),
('2023-05-09',9,5,2023,2),
('2023-06-01',1,6,2023,2),
('2023-06-28',28,6,2023,2),
('2023-08-03',3,8,2023,3),
('2023-08-10',10,8,2023,3),
('2023-09-05',5,9,2023,3),
('2023-09-25',25,9,2023,3),
('2023-10-17',17,10,2023,4),
('2023-10-24',24,10,2023,4),
('2023-10-25',25,10,2023,4),
('2023-11-16',16,11,2023,4),
('2023-12-05',5,12,2023,4),
('2023-12-07',7,12,2023,4),
('2023-12-13',13,12,2023,4),
('2023-12-14',14,12,2023,4),
('2024-01-24',24,1,2024,1),
('2024-01-31',31,1,2024,1),
('2024-02-08',8,2,2024,1),
('2024-02-22',22,2,2024,1),
('2024-03-05',5,3,2024,1),
('2024-04-01',1,4,2024,2),
('2024-04-22',22,4,2024,2),
('2024-04-26',26,4,2024,2),
('2024-06-20',20,6,2024,2),
('2024-06-30',30,6,2024,2),
('2024-07-09',9,7,2024,3),
('2024-07-25',25,7,2024,3),
('2024-08-19',19,8,2024,3),
('2024-09-09',9,9,2024,3),
('2024-09-10',10,9,2024,3),
('2024-10-07',7,10,2024,4),
('2024-11-06',6,11,2024,4),
('2024-11-12',12,11,2024,4),
('2024-11-19',19,11,2024,4),
('2024-12-04',4,12,2024,4),
('2024-12-05',5,12,2024,4),
('2024-12-06',6,12,2024,4),
('2025-01-30',30,1,2025,1),
('2025-02-04',4,2,2025,1),
('2025-02-10',10,2,2025,1),
('2025-02-26',26,2,2025,1),
('2025-02-27',27,2,2025,1),
('2025-03-04',4,3,2025,1),
('2025-03-06',6,3,2025,1),
('2025-03-19',19,3,2025,1),
('2025-03-24',24,3,2025,1),
('2025-04-15',15,4,2025,2),
('2025-04-24',24,4,2025,2),
('2025-04-28',28,4,2025,2),
('2025-05-14',14,5,2025,2),
('2025-05-23',23,5,2025,2),
('2025-05-29',29,5,2025,2),
('2025-05-30',30,5,2025,2),
('2025-06-04',4,6,2025,2),
('2025-06-16',16,6,2025,2),
('2025-06-17',17,6,2025,2),
('2025-06-19',19,6,2025,2),
('2025-07-03',3,7,2025,3),
('2025-09-04',4,9,2025,3),
('2025-09-11',11,9,2025,3),
('2025-09-15',15,9,2025,3),
('2025-09-24',24,9,2025,3),
('2025-09-25',25,9,2025,3),
('2025-09-30',30,9,2025,3),
('2025-10-10',10,10,2025,4),
('2025-10-21',21,10,2025,4),
('2025-10-22',22,10,2025,4),
('2025-10-23',23,10,2025,4),
('2025-10-28',28,10,2025,4),
('2025-10-30',30,10,2025,4),
('2025-11-12',12,11,2025,4),
('2025-11-14',14,11,2025,4),
('2025-11-15',15,11,2025,4),
('2026-01-16',16,1,2026,1),
('2026-02-19',19,2,2026,1),
('2026-02-26',26,2,2026,1),
('2026-03-05',5,3,2026,1),
('2026-03-16',16,3,2026,1),
('2026-03-19',19,3,2026,1),
('2026-04-14',14,4,2026,2),
('2026-04-28',28,4,2026,2),
('2026-04-30',30,4,2026,2),
('2026-05-01',1,5,2026,2),
('2026-05-14',14,5,2026,2),
('2026-05-18',18,5,2026,2),
('2026-05-22',22,5,2026,2),
('2026-05-25',25,5,2026,2),
('2026-05-26',26,5,2026,2),
('2026-06-05',5,6,2026,2),
('2026-06-08',8,6,2026,2),
('2026-06-09',9,6,2026,2),
('2026-06-10',10,6,2026,2),
('2026-06-16',16,6,2026,2),
('2026-06-22',22,6,2026,2),
('2026-07-06',6,7,2026,3),
('2026-07-07',7,7,2026,3),
('2026-07-08',8,7,2026,3),
('2026-07-09',9,7,2026,3),
('2026-07-15',15,7,2026,3),
('2026-07-16',16,7,2026,3),
('2026-07-28',28,7,2026,3),
('2026-10-22',22,10,2026,4);
/*!40000 ALTER TABLE `dim_date` ENABLE KEYS */;
UNLOCK TABLES;
COMMIT;
SET AUTOCOMMIT=@OLD_AUTOCOMMIT;

--
-- Table structure for table `dim_developer`
--

DROP TABLE IF EXISTS `dim_developer`;
/*!40101 SET @saved_cs_client     = @@character_set_client */;
/*!40101 SET character_set_client = utf8mb4 */;
CREATE TABLE `dim_developer` (
  `dev_id` int(11) NOT NULL AUTO_INCREMENT,
  `dev_name` varchar(255) NOT NULL,
  PRIMARY KEY (`dev_id`)
) ENGINE=InnoDB AUTO_INCREMENT=100 DEFAULT CHARSET=utf8mb4 COLLATE=utf8mb4_uca1400_ai_ci;
/*!40101 SET character_set_client = @saved_cs_client */;

--
-- Dumping data for table `dim_developer`
--

SET @OLD_AUTOCOMMIT=@@AUTOCOMMIT, @@AUTOCOMMIT=0;
LOCK TABLES `dim_developer` WRITE;
/*!40000 ALTER TABLE `dim_developer` DISABLE KEYS */;
INSERT INTO `dim_developer` VALUES
(1,'ACE Team'),
(2,'AdHoc Studio'),
(3,'ArenaNet®'),
(4,'Arrowhead Game Studios'),
(5,'Asobo Studio'),
(6,'Aspyr (Mac)'),
(7,'Battlefield Studios'),
(8,'BeamNG'),
(9,'Behaviour Interactive Inc.'),
(10,'Bethesda Game Studios'),
(11,'Blackbird Interactive'),
(12,'Blizzard Entertainment, Inc.'),
(13,'Bloober Team SA'),
(14,'Bohemia Interactive'),
(15,'Bungie'),
(16,'CAPCOM Co., Ltd.'),
(17,'CD PROJEKT RED'),
(18,'CREATIVE ASSEMBLY'),
(19,'Codemasters'),
(20,'Coffee Stain Studios'),
(21,'ConcernedApe'),
(22,'Crytek'),
(23,'Digital Extremes'),
(24,'Dovetail Games'),
(25,'EA Canada'),
(26,'Electronic Arts'),
(27,'Endnight Games Ltd'),
(28,'Envar Games'),
(29,'Expansive Worlds'),
(30,'Facepunch Studios'),
(31,'Fatshark'),
(32,'Firaxis Games'),
(33,'Frontier Developments'),
(34,'Frozen District'),
(35,'Funcom'),
(36,'GIANTS Software'),
(37,'Gameloft'),
(38,'Gearbox Software'),
(39,'Halo Studios'),
(40,'Hazelight Studios'),
(41,'Hello Games'),
(42,'IO Interactive A/S'),
(43,'Iceflake Studios'),
(44,'Jagex Ltd'),
(45,'KONAMI'),
(46,'Kinetic Games'),
(47,'Klei Entertainment'),
(48,'Larian Studios'),
(49,'Ludeon Studios'),
(50,'MINTROCKET'),
(51,'Maxis'),
(52,'Mega Crit'),
(53,'NEXON Games'),
(54,'NEXON Games Co., Ltd.'),
(55,'New One Studio'),
(56,'Nicalis, Inc.'),
(57,'Nixxes Software'),
(58,'OVERKILL - a Starbreeze Studio.'),
(59,'PUBG Corporation'),
(60,'Paradox Development Studio'),
(61,'Pearl Abyss'),
(62,'Playground Games'),
(63,'Pocketpair'),
(64,'Questline'),
(65,'Rare Ltd'),
(66,'Re-Logic'),
(67,'Red Barrels'),
(68,'Respawn'),
(69,'Rockstar Games'),
(70,'Rockstar North'),
(71,'SCS Software'),
(72,'Saber Interactive'),
(73,'Slavic Magic'),
(74,'Sloclap'),
(75,'Studio Wildcard'),
(76,'TEAM GWYF'),
(77,'THIS GAME IS PART OF A SALE EVENT'),
(78,'TT Games'),
(79,'TaleWorlds Entertainment'),
(80,'Team17'),
(81,'The Fun Pimps'),
(82,'Tiburon'),
(83,'Ubisoft Bordeaux'),
(84,'Ubisoft Montreal'),
(85,'Undercoders'),
(86,'Unfrozen'),
(87,'Unknown'),
(88,'Unknown Worlds Entertainment'),
(89,'VRChat Inc.'),
(90,'Valve'),
(91,'Visual Concepts'),
(92,'Wargaming Group Limited'),
(93,'Warhorse Studios'),
(94,'World\'s Edge'),
(95,'XD'),
(96,'ZeniMax Online Studios'),
(97,'lemorion_1224'),
(98,'threeW'),
(99,'tobyfox');
/*!40000 ALTER TABLE `dim_developer` ENABLE KEYS */;
UNLOCK TABLES;
COMMIT;
SET AUTOCOMMIT=@OLD_AUTOCOMMIT;

--
-- Table structure for table `dim_game`
--

DROP TABLE IF EXISTS `dim_game`;
/*!40101 SET @saved_cs_client     = @@character_set_client */;
/*!40101 SET character_set_client = utf8mb4 */;
CREATE TABLE `dim_game` (
  `game_id` int(11) NOT NULL AUTO_INCREMENT,
  `title` varchar(255) NOT NULL,
  `game_url` varchar(255) NOT NULL,
  `is_Free` tinyint(1) NOT NULL,
  PRIMARY KEY (`game_id`)
) ENGINE=InnoDB AUTO_INCREMENT=4704691 DEFAULT CHARSET=utf8mb4 COLLATE=utf8mb4_uca1400_ai_ci;
/*!40101 SET character_set_client = @saved_cs_client */;

--
-- Dumping data for table `dim_game`
--

SET @OLD_AUTOCOMMIT=@@AUTOCOMMIT, @@AUTOCOMMIT=0;
LOCK TABLES `dim_game` WRITE;
/*!40000 ALTER TABLE `dim_game` DISABLE KEYS */;
INSERT INTO `dim_game` VALUES
(440,'Team Fortress 2','https://store.steampowered.com/app/440',1),
(570,'Dota 2','https://store.steampowered.com/app/570',1),
(730,'Counter-Strike 2','https://store.steampowered.com/app/730',1),
(4000,'Garry\'s Mod','https://store.steampowered.com/app/4000',0),
(12210,'Grand Theft Auto IV: The Complete Edition','https://store.steampowered.com/app/12210',1),
(105600,'Terraria','https://store.steampowered.com/app/105600',0),
(202970,'Call of Duty®: Black Ops II','https://store.steampowered.com/app/202970',0),
(218620,'PAYDAY 2','https://store.steampowered.com/app/218620',0),
(227300,'Euro Truck Simulator 2','https://store.steampowered.com/app/227300',0),
(230410,'Warframe','https://store.steampowered.com/app/230410',1),
(236390,'War Thunder','https://store.steampowered.com/app/236390',1),
(250900,'The Binding of Isaac: Rebirth','https://store.steampowered.com/app/250900',0),
(251570,'7 Days to Die','https://store.steampowered.com/app/251570',0),
(252490,'Rust','https://store.steampowered.com/app/252490',0),
(261550,'Mount & Blade II: Bannerlord','https://store.steampowered.com/app/261550',0),
(266410,'iRacing','https://store.steampowered.com/app/266410',1),
(268910,'Cuphead','https://store.steampowered.com/app/268910',0),
(270880,'American Truck Simulator','https://store.steampowered.com/app/270880',0),
(275850,'No Man\'s Sky','https://store.steampowered.com/app/275850',1),
(281990,'Stellaris','https://store.steampowered.com/app/281990',0),
(284160,'BeamNG.drive','https://store.steampowered.com/app/284160',0),
(294100,'RimWorld','https://store.steampowered.com/app/294100',0),
(306130,'The Elder Scrolls® Online','https://store.steampowered.com/app/306130',0),
(311210,'Call of Duty®: Black Ops III','https://store.steampowered.com/app/311210',0),
(322330,'Don\'t Starve Together','https://store.steampowered.com/app/322330',0),
(346110,'ARK: Survival Evolved','https://store.steampowered.com/app/346110',0),
(359550,'Tom Clancy\'s Rainbow Six Siege','https://store.steampowered.com/app/359550',1),
(371970,'Barony','https://store.steampowered.com/app/371970',0),
(376210,'The Isle','https://store.steampowered.com/app/376210',0),
(381210,'Dead by Daylight','https://store.steampowered.com/app/381210',0),
(394360,'Hearts of Iron IV','https://store.steampowered.com/app/394360',0),
(413150,'Stardew Valley','https://store.steampowered.com/app/413150',0),
(418370,'Resident Evil 7 Biohazard','https://store.steampowered.com/app/418370',0),
(427520,'Factorio','https://store.steampowered.com/app/427520',1),
(431960,'Wallpaper Engine','https://store.steampowered.com/app/431960',0),
(438100,'VRChat','https://store.steampowered.com/app/438100',1),
(440900,'Conan Exiles Enhanced','https://store.steampowered.com/app/440900',0),
(454650,'DRAGON BALL XENOVERSE 2','https://store.steampowered.com/app/454650',0),
(489830,'The Elder Scrolls V: Skyrim Special Edition','https://store.steampowered.com/app/489830',0),
(513710,'SCUM','https://store.steampowered.com/app/513710',0),
(518790,'theHunter: Call of the Wild™','https://store.steampowered.com/app/518790',0),
(526870,'Satisfactory','https://store.steampowered.com/app/526870',0),
(529340,'Victoria 3','https://store.steampowered.com/app/529340',0),
(552990,'World of Warships','https://store.steampowered.com/app/552990',1),
(553850,'HELLDIVERS™ 2','https://store.steampowered.com/app/553850',0),
(578080,'PUBG: BATTLEGROUNDS','https://store.steampowered.com/app/578080',1),
(582010,'Monster Hunter: World','https://store.steampowered.com/app/582010',0),
(582660,'Black Desert','https://store.steampowered.com/app/582660',0),
(594650,'Hunt: Showdown 1896','https://store.steampowered.com/app/594650',0),
(601150,'Devil May Cry 5','https://store.steampowered.com/app/601150',0),
(632360,'Risk of Rain 2','https://store.steampowered.com/app/632360',0),
(648800,'Raft','https://store.steampowered.com/app/648800',0),
(728880,'Overcooked! 2','https://store.steampowered.com/app/728880',0),
(739630,'Phasmophobia','https://store.steampowered.com/app/739630',1),
(753640,'Outer Wilds','https://store.steampowered.com/app/753640',0),
(813780,'Age of Empires II: Definitive Edition','https://store.steampowered.com/app/813780',0),
(835570,'Conqueror\'s Blade','https://store.steampowered.com/app/835570',1),
(881020,'Granblue Fantasy: Relink','https://store.steampowered.com/app/881020',0),
(883710,'Resident Evil 2','https://store.steampowered.com/app/883710',0),
(892970,'Valheim','https://store.steampowered.com/app/892970',0),
(934700,'Dead Island 2','https://store.steampowered.com/app/934700',0),
(949230,'Cities: Skylines II','https://store.steampowered.com/app/949230',0),
(1085660,'Destiny 2','https://store.steampowered.com/app/1085660',1),
(1086940,'Baldur\'s Gate 3','https://store.steampowered.com/app/1086940',0),
(1091500,'Cyberpunk 2077','https://store.steampowered.com/app/1091500',0),
(1118520,'Paralives','https://store.steampowered.com/app/1118520',0),
(1142710,'Total War: WARHAMMER III','https://store.steampowered.com/app/1142710',0),
(1144200,'Ready or Not','https://store.steampowered.com/app/1144200',0),
(1151340,'Fallout 76','https://store.steampowered.com/app/1151340',0),
(1158310,'Crusader Kings III','https://store.steampowered.com/app/1158310',0),
(1172470,'Apex Legends™','https://store.steampowered.com/app/1172470',1),
(1172620,'Sea of Thieves: 2026 Edition','https://store.steampowered.com/app/1172620',0),
(1174180,'Red Dead Redemption 2','https://store.steampowered.com/app/1174180',1),
(1190970,'House Flipper 2','https://store.steampowered.com/app/1190970',0),
(1203220,'NARAKA: BLADEPOINT','https://store.steampowered.com/app/1203220',1),
(1203620,'Enshrouded','https://store.steampowered.com/app/1203620',0),
(1222670,'The Sims™ 4','https://store.steampowered.com/app/1222670',1),
(1245620,'ELDEN RING','https://store.steampowered.com/app/1245620',0),
(1284210,'Guild Wars 2®','https://store.steampowered.com/app/1284210',1),
(1285190,'Borderlands 4','https://store.steampowered.com/app/1285190',0),
(1286830,'STAR WARS™: The Old Republic™','https://store.steampowered.com/app/1286830',1),
(1289670,'EA Play','https://store.steampowered.com/app/1289670',1),
(1295660,'Sid Meier\'s Civilization VII','https://store.steampowered.com/app/1295660',0),
(1297900,'Gothic 1 Remake','https://store.steampowered.com/app/1297900',0),
(1304930,'The Outlast Trials','https://store.steampowered.com/app/1304930',0),
(1326470,'Sons Of The Forest','https://store.steampowered.com/app/1326470',0),
(1332010,'Stray','https://store.steampowered.com/app/1332010',0),
(1361210,'Warhammer 40,000: Darktide','https://store.steampowered.com/app/1361210',0),
(1363080,'Manor Lords','https://store.steampowered.com/app/1363080',1),
(1364780,'Street Fighter™ 6','https://store.steampowered.com/app/1364780',0),
(1374490,'RuneScape: Dragonwilds','https://store.steampowered.com/app/1374490',0),
(1401590,'Disney Dreamlight Valley','https://store.steampowered.com/app/1401590',0),
(1426210,'It Takes Two Friend\'s Pass','https://store.steampowered.com/app/1426210',0),
(1431300,'SAND: Raiders of Sophie','https://store.steampowered.com/app/1431300',0),
(1449850,'Yu-Gi-Oh! Master Duel','https://store.steampowered.com/app/1449850',1),
(1465360,'SnowRunner','https://store.steampowered.com/app/1465360',0),
(1466060,'Tainted Grail: The Fall of Avalon','https://store.steampowered.com/app/1466060',0),
(1547000,'Grand Theft Auto: San Andreas – The Definitive Edition','https://store.steampowered.com/app/1547000',0),
(1623730,'Palworld','https://store.steampowered.com/app/1623730',0),
(1659040,'HITMAN World of Assassination','https://store.steampowered.com/app/1659040',0),
(1665460,'eFootball™','https://store.steampowered.com/app/1665460',1),
(1671210,'DELTARUNE','https://store.steampowered.com/app/1671210',0),
(1675200,'Steam Deck','https://store.steampowered.com/app/1675200',1),
(1771300,'Kingdom Come: Deliverance II','https://store.steampowered.com/app/1771300',0),
(1805110,'Solarpunk™','https://store.steampowered.com/app/1805110',0),
(1808500,'ARC Raiders','https://store.steampowered.com/app/1808500',0),
(1868140,'DAVE THE DIVER','https://store.steampowered.com/app/1868140',0),
(1874880,'Arma Reforger','https://store.steampowered.com/app/1874880',0),
(1903340,'Clair Obscur: Expedition 33','https://store.steampowered.com/app/1903340',0),
(1943950,'Escape the Backrooms','https://store.steampowered.com/app/1943950',0),
(1962700,'Subnautica 2','https://store.steampowered.com/app/1962700',0),
(1973530,'Limbus Company','https://store.steampowered.com/app/1973530',1),
(1974050,'Torchlight: Infinite','https://store.steampowered.com/app/1974050',1),
(2001120,'Split Fiction','https://store.steampowered.com/app/2001120',0),
(2050650,'Resident Evil 4','https://store.steampowered.com/app/2050650',0),
(2073620,'Arena Breakout: Infinite','https://store.steampowered.com/app/2073620',1),
(2073850,'THE FINALS','https://store.steampowered.com/app/2073850',1),
(2074920,'The First Descendant','https://store.steampowered.com/app/2074920',1),
(2124490,'SILENT HILL 2','https://store.steampowered.com/app/2124490',0),
(2138330,'Cyberpunk 2077: Phantom Liberty','https://store.steampowered.com/app/2138330',0),
(2138720,'REMATCH','https://store.steampowered.com/app/2138720',0),
(2139460,'Once Human','https://store.steampowered.com/app/2139460',1),
(2141730,'Backrooms: Escape Together','https://store.steampowered.com/app/2141730',0),
(2183900,'Warhammer 40,000: Space Marine 2','https://store.steampowered.com/app/2183900',0),
(2186680,'Warhammer 40,000: Rogue Trader','https://store.steampowered.com/app/2186680',0),
(2209900,'Moonlight Peaks','https://store.steampowered.com/app/2209900',0),
(2215200,'LEGO® Batman™: Legacy of the Dark Knight','https://store.steampowered.com/app/2215200',0),
(2244210,'Echoes of Aincrad','https://store.steampowered.com/app/2244210',0),
(2246340,'Monster Hunter Wilds','https://store.steampowered.com/app/2246340',0),
(2300320,'Farming Simulator 25','https://store.steampowered.com/app/2300320',0),
(2344520,'Diablo® IV','https://store.steampowered.com/app/2344520',0),
(2357570,'Overwatch®','https://store.steampowered.com/app/2357570',1),
(2358720,'Black Myth: Wukong','https://store.steampowered.com/app/2358720',0),
(2399830,'ARK: Survival Ascended','https://store.steampowered.com/app/2399830',0),
(2483190,'Forza Horizon 6','https://store.steampowered.com/app/2483190',0),
(2507950,'Delta Force','https://store.steampowered.com/app/2507950',1),
(2524850,'Denshattack!','https://store.steampowered.com/app/2524850',0),
(2537590,'Microsoft Flight Simulator 2024','https://store.steampowered.com/app/2537590',0),
(2569760,'The Mound: Omen of Cthulhu','https://store.steampowered.com/app/2569760',0),
(2592160,'Dispatch','https://store.steampowered.com/app/2592160',0),
(2622380,'ELDEN RING NIGHTREIGN','https://store.steampowered.com/app/2622380',0),
(2651280,'Marvel\'s Spider-Man 2','https://store.steampowered.com/app/2651280',0),
(2679100,'Witchspire','https://store.steampowered.com/app/2679100',0),
(2688950,'Planet Coaster 2','https://store.steampowered.com/app/2688950',0),
(2694490,'Path of Exile 2','https://store.steampowered.com/app/2694490',0),
(2767030,'Marvel Rivals','https://store.steampowered.com/app/2767030',1),
(2778580,'ELDEN RING Shadow of the Erdtree','https://store.steampowered.com/app/2778580',0),
(2806050,'Halo: Campaign Evolved','https://store.steampowered.com/app/2806050',0),
(2807960,'Battlefield™ 6','https://store.steampowered.com/app/2807960',0),
(2868840,'Slay the Spire 2','https://store.steampowered.com/app/2868840',0),
(2881650,'Content Warning','https://store.steampowered.com/app/2881650',1),
(2947440,'SILENT HILL f','https://store.steampowered.com/app/2947440',0),
(2958130,'Jurassic World Evolution 3','https://store.steampowered.com/app/2958130',0),
(2968420,'PowerWash Simulator 2','https://store.steampowered.com/app/2968420',0),
(3017860,'DOOM: The Dark Ages','https://store.steampowered.com/app/3017860',0),
(3028330,'Battlefield™ REDSEC','https://store.steampowered.com/app/3028330',1),
(3041230,'Windrose','https://store.steampowered.com/app/3041230',0),
(3059520,'F1® 25','https://store.steampowered.com/app/3059520',0),
(3065800,'Marathon','https://store.steampowered.com/app/3065800',0),
(3105440,'Heroes of Might and Magic: Olden Era','https://store.steampowered.com/app/3105440',0),
(3124540,'Far Far West','https://store.steampowered.com/app/3124540',0),
(3159330,'Assassin’s Creed Shadows','https://store.steampowered.com/app/3159330',0),
(3164500,'Schedule I','https://store.steampowered.com/app/3164500',0),
(3240220,'Grand Theft Auto V Enhanced','https://store.steampowered.com/app/3240220',0),
(3241660,'R.E.P.O.','https://store.steampowered.com/app/3241660',0),
(3274580,'Anno 117: Pax Romana','https://store.steampowered.com/app/3274580',0),
(3321460,'Crimson Desert','https://store.steampowered.com/app/3321460',0),
(3405690,'EA SPORTS FC™ 26','https://store.steampowered.com/app/3405690',0),
(3472040,'NBA 2K26','https://store.steampowered.com/app/3472040',0),
(3513350,'Wuthering Waves','https://store.steampowered.com/app/3513350',1),
(3527290,'PEAK','https://store.steampowered.com/app/3527290',0),
(3557620,'Blue Archive','https://store.steampowered.com/app/3557620',1),
(3564740,'Where Winds Meet','https://store.steampowered.com/app/3564740',1),
(3656800,'Train Sim World® 6','https://store.steampowered.com/app/3656800',0),
(3679080,'The Seven Deadly Sins: Origin','https://store.steampowered.com/app/3679080',1),
(3712080,'Funnel Runners','https://store.steampowered.com/app/3712080',1),
(3751950,'Assassin\'s Creed Black Flag Resynced','https://store.steampowered.com/app/3751950',0),
(3764200,'Resident Evil Requiem','https://store.steampowered.com/app/3764200',0),
(3767850,'SpiritVale','https://store.steampowered.com/app/3767850',0),
(3768760,'007 First Light','https://store.steampowered.com/app/3768760',0),
(3808690,'Pathogenic','https://store.steampowered.com/app/3808690',0),
(3839790,'Granblue Fantasy: Relink - Endless Ragnarok Upgrade Kit (Standard Edition)','https://store.steampowered.com/app/3839790',0),
(3844970,'Burglin\' Gnomes','https://store.steampowered.com/app/3844970',1),
(3892270,'Gamble With Your Friends','https://store.steampowered.com/app/3892270',0),
(3932890,'Escape from Tarkov','https://store.steampowered.com/app/3932890',0),
(3949040,'RV There Yet?','https://store.steampowered.com/app/3949040',0),
(4025700,'Heartopia','https://store.steampowered.com/app/4025700',1),
(4032350,'EA SPORTS™ College Football 27','https://store.steampowered.com/app/4032350',0),
(4069520,'Super Battle Golf','https://store.steampowered.com/app/4069520',1),
(4148240,'Road to Empress Ⅱ','https://store.steampowered.com/app/4148240',0),
(4162040,'Zenless Zone Zero','https://store.steampowered.com/app/4162040',1),
(4165870,'Steam Controller','https://store.steampowered.com/app/4165870',1),
(4165910,'Steam Machine','https://store.steampowered.com/app/4165910',1),
(4197610,'Librarian: Tidy Up the Arcane Library!','https://store.steampowered.com/app/4197610',0),
(4210580,'Ore Factory Squad ⛏️','https://store.steampowered.com/app/4210580',1),
(4380490,'Cat Mail Co.','https://store.steampowered.com/app/4380490',0),
(4435490,'Call of Duty®: Modern Warfare® 4','https://store.steampowered.com/app/4435490',0),
(4508340,'NTE: Neverness to Everness','https://store.steampowered.com/app/4508340',1),
(4704690,'MECCHA CHAMELEON','https://store.steampowered.com/app/4704690',0);
/*!40000 ALTER TABLE `dim_game` ENABLE KEYS */;
UNLOCK TABLES;
COMMIT;
SET AUTOCOMMIT=@OLD_AUTOCOMMIT;

--
-- Table structure for table `dim_gamegenre`
--

DROP TABLE IF EXISTS `dim_gamegenre`;
/*!40101 SET @saved_cs_client     = @@character_set_client */;
/*!40101 SET character_set_client = utf8mb4 */;
CREATE TABLE `dim_gamegenre` (
  `game_id` int(11) NOT NULL,
  `genre_id` int(11) NOT NULL,
  PRIMARY KEY (`game_id`,`genre_id`),
  KEY `genre_id` (`genre_id`),
  CONSTRAINT `dim_gamegenre_ibfk_1` FOREIGN KEY (`game_id`) REFERENCES `fact_game` (`game_id`),
  CONSTRAINT `dim_gamegenre_ibfk_2` FOREIGN KEY (`genre_id`) REFERENCES `dim_genre` (`genre_id`)
) ENGINE=InnoDB DEFAULT CHARSET=utf8mb4 COLLATE=utf8mb4_uca1400_ai_ci;
/*!40101 SET character_set_client = @saved_cs_client */;

--
-- Dumping data for table `dim_gamegenre`
--

SET @OLD_AUTOCOMMIT=@@AUTOCOMMIT, @@AUTOCOMMIT=0;
LOCK TABLES `dim_gamegenre` WRITE;
/*!40000 ALTER TABLE `dim_gamegenre` DISABLE KEYS */;
INSERT INTO `dim_gamegenre` VALUES
(440,1),
(570,1),
(730,1),
(12210,1),
(105600,1),
(202970,1),
(218620,1),
(230410,1),
(236390,1),
(250900,1),
(251570,1),
(252490,1),
(261550,1),
(268910,1),
(275850,1),
(306130,1),
(311210,1),
(322330,1),
(346110,1),
(359550,1),
(371970,1),
(376210,1),
(381210,1),
(418370,1),
(440900,1),
(454650,1),
(513710,1),
(552990,1),
(553850,1),
(578080,1),
(582010,1),
(582660,1),
(594650,1),
(601150,1),
(632360,1),
(728880,1),
(739630,1),
(753640,1),
(835570,1),
(881020,1),
(883710,1),
(892970,1),
(934700,1),
(1085660,1),
(1142710,1),
(1144200,1),
(1172470,1),
(1172620,1),
(1174180,1),
(1203220,1),
(1203620,1),
(1245620,1),
(1285190,1),
(1289670,1),
(1297900,1),
(1304930,1),
(1326470,1),
(1361210,1),
(1364780,1),
(1374490,1),
(1401590,1),
(1426210,1),
(1431300,1),
(1466060,1),
(1547000,1),
(1623730,1),
(1659040,1),
(1771300,1),
(1808500,1),
(1874880,1),
(1903340,1),
(1943950,1),
(1962700,1),
(1974050,1),
(2001120,1),
(2050650,1),
(2073620,1),
(2073850,1),
(2074920,1),
(2124490,1),
(2138720,1),
(2139460,1),
(2141730,1),
(2183900,1),
(2186680,1),
(2215200,1),
(2244210,1),
(2246340,1),
(2344520,1),
(2357570,1),
(2358720,1),
(2399830,1),
(2507950,1),
(2524850,1),
(2569760,1),
(2592160,1),
(2622380,1),
(2651280,1),
(2694490,1),
(2767030,1),
(2778580,1),
(2806050,1),
(2807960,1),
(2881650,1),
(2947440,1),
(3017860,1),
(3028330,1),
(3041230,1),
(3065800,1),
(3124540,1),
(3159330,1),
(3164500,1),
(3240220,1),
(3241660,1),
(3321460,1),
(3513350,1),
(3527290,1),
(3564740,1),
(3679080,1),
(3712080,1),
(3751950,1),
(3764200,1),
(3767850,1),
(3768760,1),
(3808690,1),
(3839790,1),
(3844970,1),
(3932890,1),
(3949040,1),
(4162040,1),
(4435490,1),
(4508340,1),
(12210,2),
(202970,2),
(218620,2),
(250900,2),
(251570,2),
(252490,2),
(261550,2),
(268910,2),
(275850,2),
(311210,2),
(346110,2),
(376210,2),
(381210,2),
(454650,2),
(513710,2),
(553850,2),
(582010,2),
(594650,2),
(601150,2),
(632360,2),
(881020,2),
(883710,2),
(892970,2),
(934700,2),
(1085660,2),
(1144200,2),
(1172470,2),
(1203220,2),
(1245620,2),
(1285190,2),
(1289670,2),
(1304930,2),
(1326470,2),
(1361210,2),
(1364780,2),
(1431300,2),
(1547000,2),
(1623730,2),
(1659040,2),
(1808500,2),
(1874880,2),
(2050650,2),
(2074920,2),
(2138720,2),
(2183900,2),
(2244210,2),
(2246340,2),
(2358720,2),
(2399830,2),
(2569760,2),
(2622380,2),
(2651280,2),
(2694490,2),
(2778580,2),
(2806050,2),
(2807960,2),
(2881650,2),
(2947440,2),
(3017860,2),
(3065800,2),
(3124540,2),
(3159330,2),
(3164500,2),
(3240220,2),
(3241660,2),
(3712080,2),
(3751950,2),
(3764200,2),
(3768760,2),
(3808690,2),
(3839790,2),
(3844970,2),
(3932890,2),
(4435490,2),
(12210,3),
(105600,3),
(251570,3),
(252490,3),
(275850,3),
(306130,3),
(311210,3),
(322330,3),
(346110,3),
(371970,3),
(376210,3),
(418370,3),
(438100,3),
(440900,3),
(454650,3),
(513710,3),
(518790,3),
(526870,3),
(578080,3),
(582660,3),
(648800,3),
(753640,3),
(881020,3),
(892970,3),
(934700,3),
(1085660,3),
(1086940,3),
(1144200,3),
(1172470,3),
(1172620,3),
(1174180,3),
(1203220,3),
(1203620,3),
(1222670,3),
(1284210,3),
(1285190,3),
(1304930,3),
(1326470,3),
(1332010,3),
(1361210,3),
(1364780,3),
(1374490,3),
(1401590,3),
(1426210,3),
(1431300,3),
(1465360,3),
(1466060,3),
(1547000,3),
(1623730,3),
(1659040,3),
(1771300,3),
(1805110,3),
(1868140,3),
(1962700,3),
(1974050,3),
(2001120,3),
(2050650,3),
(2073620,3),
(2074920,3),
(2124490,3),
(2139460,3),
(2141730,3),
(2183900,3),
(2186680,3),
(2215200,3),
(2246340,3),
(2344520,3),
(2358720,3),
(2399830,3),
(2507950,3),
(2524850,3),
(2569760,3),
(2592160,3),
(2651280,3),
(2679100,3),
(2694490,3),
(2806050,3),
(2881650,3),
(2947440,3),
(3041230,3),
(3124540,3),
(3159330,3),
(3240220,3),
(3321460,3),
(3513350,3),
(3527290,3),
(3557620,3),
(3564740,3),
(3679080,3),
(3751950,3),
(3764200,3),
(3768760,3),
(3839790,3),
(3844970,3),
(3892270,3),
(3949040,3),
(4148240,3),
(4162040,3),
(4508340,3),
(322330,4),
(418370,4),
(518790,4),
(648800,4),
(753640,4),
(1172620,4),
(1174180,4),
(1332010,4),
(1374490,4),
(1426210,4),
(1805110,4),
(1868140,4),
(2001120,4),
(2124490,4),
(2215200,4),
(2524850,4),
(2592160,4),
(2679100,4),
(3041230,4),
(3321460,4),
(3949040,4),
(4148240,4),
(431960,5),
(4000,6),
(427520,6),
(431960,6),
(438100,6),
(454650,6),
(728880,6),
(1190970,6),
(1222670,6),
(1401590,6),
(1868140,6),
(2141730,6),
(2209900,6),
(2344520,6),
(2592160,6),
(2968420,6),
(3557620,6),
(4025700,6),
(4069520,6),
(4148240,6),
(4197610,6),
(4704690,6),
(4704690,7),
(431960,8),
(284160,9),
(739630,9),
(1118520,9),
(1363080,9),
(1374490,9),
(1431300,9),
(1962700,9),
(2679100,9),
(2868840,9),
(3041230,9),
(3105440,9),
(3124540,9),
(3241660,9),
(3712080,9),
(1203620,10),
(1962700,10),
(440,11),
(570,11),
(730,11),
(230410,11),
(236390,11),
(359550,11),
(578080,11),
(1085660,11),
(1172470,11),
(1203220,11),
(1222670,11),
(1284210,11),
(1286830,11),
(1449850,11),
(1665460,11),
(1973530,11),
(1974050,11),
(2073850,11),
(2074920,11),
(2357570,11),
(2507950,11),
(2767030,11),
(3028330,11),
(3513350,11),
(3564740,11),
(4025700,11),
(4162040,11),
(4508340,11),
(440,12),
(570,12),
(730,12),
(230410,12),
(359550,12),
(578080,12),
(1222670,12),
(1284210,12),
(1449850,12),
(1973530,12),
(1974050,12),
(2073620,12),
(2073850,12),
(2139460,12),
(2357570,12),
(2507950,12),
(2767030,12),
(3028330,12),
(3513350,12),
(3679080,12),
(4025700,12),
(4162040,12),
(4508340,12),
(4000,13),
(105600,13),
(227300,13),
(251570,13),
(252490,13),
(261550,13),
(268910,13),
(270880,13),
(294100,13),
(322330,13),
(346110,13),
(371970,13),
(376210,13),
(413150,13),
(427520,13),
(431960,13),
(513710,13),
(526870,13),
(632360,13),
(648800,13),
(728880,13),
(739630,13),
(892970,13),
(1144200,13),
(1190970,13),
(1203620,13),
(1304930,13),
(1326470,13),
(1332010,13),
(1466060,13),
(1623730,13),
(1671210,13),
(1805110,13),
(1943950,13),
(2138720,13),
(2141730,13),
(2186680,13),
(2209900,13),
(2399830,13),
(2592160,13),
(2868840,13),
(2881650,13),
(2968420,13),
(3124540,13),
(3164500,13),
(3527290,13),
(3712080,13),
(3767850,13),
(3808690,13),
(3892270,13),
(3949040,13),
(4069520,13),
(4148240,13),
(4197610,13),
(4210580,13),
(4380490,13),
(4000,14),
(105600,14),
(413150,14),
(728880,14),
(739630,14),
(1943950,14),
(2141730,14),
(3527290,14),
(236390,15),
(252490,15),
(266410,15),
(306130,15),
(346110,15),
(376210,15),
(438100,15),
(440900,15),
(454650,15),
(513710,15),
(552990,15),
(578080,15),
(582660,15),
(835570,15),
(1203220,15),
(1284210,15),
(1286830,15),
(2073620,15),
(2344520,15),
(2399830,15),
(2507950,15),
(2694490,15),
(3679080,15),
(3767850,15),
(3932890,15),
(236390,16),
(306130,16),
(438100,16),
(552990,16),
(582660,16),
(835570,16),
(1286830,16),
(3767850,16),
(105600,17),
(218620,17),
(230410,17),
(251570,17),
(261550,17),
(306130,17),
(322330,17),
(371970,17),
(413150,17),
(440900,17),
(489830,17),
(582660,17),
(835570,17),
(881020,17),
(892970,17),
(1086940,17),
(1091500,17),
(1151340,17),
(1158310,17),
(1203620,17),
(1245620,17),
(1284210,17),
(1285190,17),
(1286830,17),
(1297900,17),
(1361210,17),
(1374490,17),
(1401590,17),
(1466060,17),
(1623730,17),
(1671210,17),
(1771300,17),
(1868140,17),
(1903340,17),
(1974050,17),
(2073620,17),
(2074920,17),
(2138330,17),
(2139460,17),
(2183900,17),
(2186680,17),
(2209900,17),
(2244210,17),
(2246340,17),
(2358720,17),
(2622380,17),
(2679100,17),
(2694490,17),
(2778580,17),
(3041230,17),
(3105440,17),
(3159330,17),
(3513350,17),
(3557620,17),
(3564740,17),
(3679080,17),
(3767850,17),
(3808690,17),
(3839790,17),
(3932890,17),
(4148240,17),
(4162040,17),
(4508340,17),
(371970,18),
(440900,18),
(489830,18),
(1086940,18),
(1091500,18),
(1151340,18),
(1297900,18),
(1466060,18),
(1671210,18),
(1771300,18),
(1903340,18),
(2138330,18),
(2186680,18),
(2344520,18),
(3557620,18),
(3564740,18),
(266410,19),
(284160,19),
(2483190,19),
(3059520,19),
(3240220,19),
(266410,20),
(2483190,20),
(3059520,20),
(4000,21),
(227300,21),
(236390,21),
(261550,21),
(266410,21),
(270880,21),
(281990,21),
(284160,21),
(294100,21),
(394360,21),
(413150,21),
(427520,21),
(438100,21),
(518790,21),
(526870,21),
(529340,21),
(552990,21),
(648800,21),
(949230,21),
(1118520,21),
(1158310,21),
(1190970,21),
(1222670,21),
(1295660,21),
(1326470,21),
(1363080,21),
(1449850,21),
(1465360,21),
(1665460,21),
(1805110,21),
(1868140,21),
(1874880,21),
(2139460,21),
(2209900,21),
(2300320,21),
(2483190,21),
(2537590,21),
(2688950,21),
(2958130,21),
(2968420,21),
(3164500,21),
(3274580,21),
(3405690,21),
(3656800,21),
(3712080,21),
(3808690,21),
(3892270,21),
(3932890,21),
(4025700,21),
(4032350,21),
(4197610,21),
(4210580,21),
(4380490,21),
(227300,22),
(270880,22),
(284160,22),
(294100,22),
(427520,22),
(949230,22),
(1118520,22),
(1190970,22),
(1401590,22),
(1465360,22),
(2209900,22),
(2300320,22),
(2537590,22),
(2688950,22),
(2958130,22),
(2968420,22),
(3656800,22),
(3892270,22),
(4197610,22),
(4210580,22),
(4380490,22),
(266410,23),
(518790,23),
(1289670,23),
(1665460,23),
(2138720,23),
(2483190,23),
(3059520,23),
(3405690,23),
(3472040,23),
(4032350,23),
(4069520,23),
(1665460,24),
(3405690,24),
(3472040,24),
(4032350,24),
(4069520,24),
(570,25),
(281990,25),
(294100,25),
(394360,25),
(427520,25),
(526870,25),
(529340,25),
(552990,25),
(813780,25),
(835570,25),
(1086940,25),
(1142710,25),
(1158310,25),
(1295660,25),
(1363080,25),
(1449850,25),
(1874880,25),
(2688950,25),
(2868840,25),
(2958130,25),
(3105440,25),
(3164500,25),
(3274580,25),
(3557620,25),
(281990,26),
(394360,26),
(526870,26),
(529340,26),
(813780,26),
(1142710,26),
(1158310,26),
(1295660,26),
(1363080,26),
(2868840,26),
(3105440,26),
(3274580,26),
(431960,27);
/*!40000 ALTER TABLE `dim_gamegenre` ENABLE KEYS */;
UNLOCK TABLES;
COMMIT;
SET AUTOCOMMIT=@OLD_AUTOCOMMIT;

--
-- Table structure for table `dim_gametag`
--

DROP TABLE IF EXISTS `dim_gametag`;
/*!40101 SET @saved_cs_client     = @@character_set_client */;
/*!40101 SET character_set_client = utf8mb4 */;
CREATE TABLE `dim_gametag` (
  `game_id` int(11) NOT NULL,
  `tag_id` int(11) NOT NULL,
  PRIMARY KEY (`game_id`,`tag_id`),
  KEY `tag_id` (`tag_id`),
  CONSTRAINT `dim_gametag_ibfk_1` FOREIGN KEY (`game_id`) REFERENCES `fact_game` (`game_id`),
  CONSTRAINT `dim_gametag_ibfk_2` FOREIGN KEY (`tag_id`) REFERENCES `dim_tag` (`tag_id`)
) ENGINE=InnoDB DEFAULT CHARSET=utf8mb4 COLLATE=utf8mb4_uca1400_ai_ci;
/*!40101 SET character_set_client = @saved_cs_client */;

--
-- Dumping data for table `dim_gametag`
--

SET @OLD_AUTOCOMMIT=@@AUTOCOMMIT, @@AUTOCOMMIT=0;
LOCK TABLES `dim_gametag` WRITE;
/*!40000 ALTER TABLE `dim_gametag` DISABLE KEYS */;
INSERT INTO `dim_gametag` VALUES
(105600,1),
(268910,1),
(1671210,1),
(1364780,2),
(1284210,3),
(2244210,3),
(2300320,3),
(2688950,3),
(3159330,3),
(3241660,3),
(3472040,3),
(3513350,3),
(3527290,3),
(3768760,3),
(3892270,3),
(4069520,3),
(4197610,3),
(2001120,4),
(2215200,4),
(2524850,4),
(728880,5),
(281990,6),
(1295660,6),
(3105440,6),
(440,7),
(570,7),
(730,7),
(12210,7),
(202970,7),
(218620,7),
(230410,7),
(236390,7),
(261550,7),
(306130,7),
(311210,7),
(359550,7),
(418370,7),
(431960,7),
(454650,7),
(513710,7),
(553850,7),
(578080,7),
(582010,7),
(601150,7),
(632360,7),
(835570,7),
(881020,7),
(883710,7),
(1142710,7),
(1144200,7),
(1172470,7),
(1172620,7),
(1174180,7),
(1203220,7),
(1297900,7),
(1304930,7),
(1364780,7),
(1547000,7),
(1659040,7),
(1771300,7),
(1874880,7),
(1974050,7),
(2050650,7),
(2073850,7),
(2074920,7),
(2183900,7),
(2215200,7),
(2246340,7),
(2358720,7),
(2507950,7),
(2569760,7),
(2622380,7),
(2651280,7),
(2694490,7),
(2767030,7),
(2778580,7),
(2806050,7),
(2807960,7),
(2947440,7),
(2958130,7),
(3017860,7),
(3028330,7),
(3065800,7),
(3124540,7),
(3159330,7),
(3240220,7),
(3321460,7),
(3513350,7),
(3679080,7),
(3764200,7),
(3768760,7),
(3839790,7),
(3844970,7),
(4162040,7),
(4435490,7),
(4508340,7),
(230410,8),
(371970,8),
(582010,8),
(582660,8),
(881020,8),
(934700,8),
(1245620,8),
(1285190,8),
(1297900,8),
(1361210,8),
(1466060,8),
(1974050,8),
(2244210,8),
(2344520,8),
(2358720,8),
(2694490,8),
(3564740,8),
(3767850,8),
(3839790,8),
(250900,9),
(371970,9),
(632360,9),
(2881650,9),
(3808690,9),
(582660,10),
(934700,10),
(1285190,10),
(1289670,10),
(1547000,10),
(2001120,10),
(2183900,10),
(2215200,10),
(2358720,10),
(2651280,10),
(2679100,10),
(3159330,10),
(3321460,10),
(3564740,10),
(3751950,10),
(3764200,10),
(3768760,10),
(12210,11),
(105600,11),
(252490,11),
(275850,11),
(306130,11),
(322330,11),
(346110,11),
(376210,11),
(454650,11),
(489830,11),
(582010,11),
(648800,11),
(753640,11),
(934700,11),
(1086940,11),
(1172620,11),
(1174180,11),
(1203620,11),
(1284210,11),
(1289670,11),
(1297900,11),
(1332010,11),
(1364780,11),
(1401590,11),
(1426210,11),
(1465360,11),
(1466060,11),
(1547000,11),
(1623730,11),
(1771300,11),
(1868140,11),
(1903340,11),
(1943950,11),
(1962700,11),
(1974050,11),
(2139460,11),
(2183900,11),
(2186680,11),
(2399830,11),
(2569760,11),
(2651280,11),
(2679100,11),
(2778580,11),
(2806050,11),
(2947440,11),
(3240220,11),
(3321460,11),
(3513350,11),
(3527290,11),
(3564740,11),
(3679080,11),
(3751950,11),
(3768760,11),
(3892270,11),
(3949040,11),
(4148240,11),
(4508340,11),
(413150,12),
(2806050,13),
(394360,14),
(431960,15),
(431960,16),
(438100,16),
(454650,16),
(881020,16),
(1449850,16),
(2244210,16),
(2524850,16),
(3513350,16),
(3557620,16),
(3679080,16),
(3839790,16),
(4162040,16),
(4508340,16),
(1364780,17),
(2138720,17),
(2483190,17),
(2524850,17),
(4025700,18),
(4197610,18),
(1659040,19),
(3159330,19),
(3751950,19),
(418370,20),
(594650,20),
(753640,20),
(883710,20),
(1297900,20),
(1332010,20),
(1361210,20),
(2124490,20),
(2141730,20),
(2537590,20),
(2947440,20),
(3712080,20),
(4380490,20),
(427520,21),
(526870,21),
(3164500,21),
(4210580,21),
(12210,22),
(227300,22),
(266410,22),
(270880,22),
(284160,22),
(1465360,22),
(2483190,22),
(3059520,22),
(3240220,22),
(3656800,22),
(251570,23),
(294100,23),
(346110,23),
(427520,23),
(526870,23),
(648800,23),
(813780,23),
(892970,23),
(1151340,23),
(1203620,23),
(1326470,23),
(1363080,23),
(1805110,23),
(2139460,23),
(2399830,23),
(2679100,23),
(3164500,23),
(3472040,24),
(578080,25),
(1172470,25),
(1203220,25),
(1431300,25),
(3028330,25),
(1332010,26),
(4000,27),
(105600,27),
(251570,27),
(252490,27),
(346110,27),
(440900,27),
(526870,27),
(648800,27),
(892970,27),
(949230,27),
(1118520,27),
(1190970,27),
(1203620,27),
(1222670,27),
(1326470,27),
(1363080,27),
(1374490,27),
(1805110,27),
(2300320,27),
(2399830,27),
(2688950,27),
(3041230,27),
(3274580,27),
(4210580,27),
(3808690,28),
(1671210,29),
(3808690,29),
(1086940,30),
(2186680,30),
(529340,31),
(553850,31),
(1151340,31),
(1449850,32),
(2868840,32),
(1449850,33),
(2868840,33),
(268910,34),
(4000,35),
(728880,35),
(1190970,35),
(1222670,35),
(1401590,35),
(1868140,35),
(2968420,35),
(4025700,35),
(4148240,35),
(4197610,35),
(4704690,35),
(1332010,36),
(4380490,36),
(601150,37),
(230410,38),
(261550,38),
(454650,38),
(489830,38),
(582010,38),
(1086940,38),
(1118520,38),
(1158310,38),
(1203220,38),
(1222670,38),
(1284210,38),
(1286830,38),
(1304930,38),
(1364780,38),
(1401590,38),
(1466060,38),
(2186680,38),
(2244210,38),
(2246340,38),
(3472040,38),
(3564740,38),
(3767850,38),
(3808690,38),
(4025700,38),
(1086940,39),
(1286830,39),
(2186680,39),
(2592160,39),
(4148240,39),
(2592160,40),
(3274580,40),
(3017860,41),
(3764200,41),
(3768760,41),
(4148240,41),
(4435490,41),
(813780,42),
(949230,42),
(1295660,42),
(1363080,42),
(2688950,42),
(2958130,42),
(3274580,42),
(4025700,42),
(440,43),
(1361210,43),
(3767850,43),
(813780,44),
(1190970,45),
(2968420,45),
(202970,46),
(218620,46),
(268910,46),
(311210,46),
(322330,46),
(346110,46),
(381210,46),
(454650,46),
(526870,46),
(553850,46),
(582010,46),
(632360,46),
(648800,46),
(728880,46),
(739630,46),
(892970,46),
(934700,46),
(1085660,46),
(1144200,46),
(1151340,46),
(1172620,46),
(1190970,46),
(1285190,46),
(1304930,46),
(1326470,46),
(1361210,46),
(1374490,46),
(1426210,46),
(1623730,46),
(1805110,46),
(1943950,46),
(1962700,46),
(2001120,46),
(2139460,46),
(2141730,46),
(2183900,46),
(2186680,46),
(2215200,46),
(2246340,46),
(2344520,46),
(2507950,46),
(2569760,46),
(2622380,46),
(2806050,46),
(2868840,46),
(2881650,46),
(3059520,46),
(3124540,46),
(3164500,46),
(3241660,46),
(3527290,46),
(3844970,46),
(3892270,46),
(3949040,46),
(4032350,46),
(4069520,46),
(4210580,46),
(4435490,46),
(1426210,47),
(4197610,48),
(294100,49),
(2524850,50),
(4704690,50),
(236390,51),
(1361210,51),
(1974050,51),
(2358720,51),
(2807960,51),
(3159330,51),
(3321460,51),
(3513350,51),
(3679080,51),
(4508340,51),
(1671210,52),
(2592160,52),
(2881650,52),
(3241660,52),
(3527290,52),
(3892270,52),
(4069520,52),
(4704690,52),
(2215200,53),
(2651280,53),
(570,54),
(730,54),
(359550,54),
(1364780,54),
(2073850,54),
(2767030,54),
(3405690,54),
(4032350,54),
(1665460,55),
(3405690,55),
(3472040,55),
(728880,56),
(4380490,57),
(105600,58),
(252490,58),
(322330,58),
(346110,58),
(413150,58),
(427520,58),
(440900,58),
(513710,58),
(526870,58),
(582660,58),
(648800,58),
(892970,58),
(1203620,58),
(1326470,58),
(1374490,58),
(1623730,58),
(1805110,58),
(2399830,58),
(2679100,58),
(3041230,58),
(3164500,58),
(1623730,59),
(2679100,59),
(12210,60),
(218620,60),
(1547000,60),
(3164500,60),
(3240220,60),
(431960,61),
(1332010,61),
(2209900,61),
(3557620,61),
(4025700,61),
(4162040,61),
(4380490,61),
(1091500,62),
(1332010,62),
(2138330,62),
(250900,63),
(739630,63),
(934700,63),
(2050650,63),
(2778580,63),
(1151340,64),
(1142710,65),
(1245620,65),
(1297900,65),
(1466060,65),
(2358720,65),
(2694490,65),
(3017860,65),
(1222670,66),
(2246340,66),
(2868840,67),
(1190970,68),
(2209900,68),
(601150,69),
(3017860,69),
(431960,70),
(1190970,70),
(284160,71),
(2073850,71),
(3712080,71),
(250900,72),
(268910,72),
(322330,72),
(1245620,72),
(2778580,72),
(3808690,72),
(346110,73),
(376210,73),
(2399830,73),
(2958130,73),
(529340,74),
(1295660,74),
(489830,75),
(2246340,75),
(227300,76),
(266410,76),
(270880,76),
(284160,76),
(1465360,76),
(2483190,76),
(3059520,76),
(3656800,76),
(3949040,76),
(4508340,76),
(250900,77),
(371970,77),
(1974050,77),
(2344520,77),
(2694490,77),
(3808690,77),
(1142710,78),
(438100,79),
(1374490,79),
(1431300,79),
(2141730,79),
(2399830,79),
(2679100,79),
(3041230,79),
(3124540,79),
(3767850,79),
(227300,80),
(270880,80),
(529340,80),
(949230,80),
(1295660,80),
(2300320,80),
(2688950,80),
(2958130,80),
(3274580,80),
(4210580,80),
(1671210,81),
(3557620,82),
(2592160,83),
(1943950,84),
(105600,85),
(227300,85),
(270880,85),
(275850,85),
(281990,85),
(306130,85),
(526870,85),
(582660,85),
(753640,85),
(892970,85),
(1203620,85),
(1297900,85),
(1332010,85),
(1374490,85),
(1401590,85),
(1465360,85),
(1466060,85),
(1868140,85),
(1903340,85),
(1943950,85),
(1962700,85),
(2483190,85),
(2537590,85),
(2569760,85),
(2778580,85),
(2881650,85),
(3041230,85),
(3274580,85),
(3321460,85),
(3513350,85),
(3527290,85),
(3656800,85),
(3712080,85),
(3751950,85),
(3844970,85),
(3892270,85),
(3949040,85),
(4069520,85),
(4210580,85),
(553850,86),
(594650,86),
(1431300,86),
(1808500,86),
(2073620,86),
(2507950,86),
(3065800,86),
(3124540,86),
(3932890,86),
(4148240,87),
(440,88),
(730,88),
(4000,88),
(202970,88),
(218620,88),
(311210,88),
(359550,88),
(518790,88),
(578080,88),
(594650,88),
(1085660,88),
(1091500,88),
(1144200,88),
(1172470,88),
(1285190,88),
(1361210,88),
(1431300,88),
(1874880,88),
(2073620,88),
(2073850,88),
(2357570,88),
(2507950,88),
(2806050,88),
(2807960,88),
(3017860,88),
(3028330,88),
(3065800,88),
(3124540,88),
(3764200,88),
(3932890,88),
(4435490,88),
(306130,89),
(371970,89),
(489830,89),
(582010,89),
(881020,89),
(1086940,89),
(1142710,89),
(1245620,89),
(1284210,89),
(1401590,89),
(1903340,89),
(2001120,89),
(2209900,89),
(2244210,89),
(2679100,89),
(2778580,89),
(3105440,89),
(3321460,89),
(3839790,89),
(413150,90),
(2209900,90),
(2300320,90),
(2524850,91),
(881020,92),
(1203220,92),
(2001120,92),
(2947440,92),
(3839790,92),
(4148240,92),
(454650,93),
(1203220,93),
(1364780,93),
(440,94),
(730,94),
(4000,94),
(202970,94),
(252490,94),
(311210,94),
(371970,94),
(418370,94),
(431960,94),
(438100,94),
(582660,94),
(739630,94),
(934700,94),
(1091500,94),
(1144200,94),
(1172470,94),
(1172620,94),
(1190970,94),
(1285190,94),
(1304930,94),
(1326470,94),
(1465360,94),
(1466060,94),
(1771300,94),
(1874880,94),
(1943950,94),
(1962700,94),
(2073620,94),
(2073850,94),
(2138330,94),
(2141730,94),
(2300320,94),
(2357570,94),
(2569760,94),
(2806050,94),
(2968420,94),
(3017860,94),
(3065800,94),
(3164500,94),
(3240220,94),
(3241660,94),
(3527290,94),
(3656800,94),
(3712080,94),
(3764200,94),
(3844970,94),
(3892270,94),
(3932890,94),
(3949040,94),
(4435490,94),
(1868140,95),
(236390,96),
(2537590,96),
(4032350,97),
(1665460,98),
(2138720,98),
(3405690,98),
(440,99),
(570,99),
(230410,99),
(236390,99),
(438100,99),
(835570,99),
(1085660,99),
(1172470,99),
(1222670,99),
(1284210,99),
(1286830,99),
(1449850,99),
(1665460,99),
(1973530,99),
(1974050,99),
(2073620,99),
(2073850,99),
(2074920,99),
(2139460,99),
(2357570,99),
(2507950,99),
(2767030,99),
(3028330,99),
(3513350,99),
(3564740,99),
(3679080,99),
(4025700,99),
(4162040,99),
(4508340,99),
(440,100),
(4000,100),
(438100,100),
(728880,100),
(1671210,100),
(2215200,100),
(2881650,100),
(3557620,100),
(3844970,100),
(3949040,100),
(4069520,100),
(4162040,100),
(4704690,100),
(311210,101),
(1091500,101),
(3065800,101),
(3892270,102),
(2688950,103),
(4069520,104),
(381210,105),
(418370,105),
(883710,105),
(934700,105),
(1361210,105),
(2138330,105),
(3017860,105),
(1297900,106),
(281990,107),
(394360,107),
(529340,107),
(1142710,107),
(1158310,107),
(1295660,107),
(1363080,107),
(3105440,107),
(250900,108),
(268910,108),
(601150,108),
(753640,108),
(1671210,108),
(1903340,108),
(1973530,108),
(2124490,108),
(4162040,108),
(2073620,109),
(2507950,109),
(3932890,109),
(4435490,109),
(601150,110),
(1974050,110),
(2244210,110),
(2344520,110),
(2694490,110),
(4162040,110),
(268910,111),
(4704690,111),
(218620,112),
(2073620,112),
(3844970,112),
(440,113),
(311210,113),
(359550,113),
(1172470,113),
(2357570,113),
(2767030,113),
(4197610,114),
(4704690,114),
(394360,115),
(529340,115),
(813780,115),
(1158310,115),
(1295660,115),
(1363080,115),
(1771300,115),
(3159330,115),
(3274580,115),
(3751950,115),
(2537590,116),
(376210,117),
(381210,117),
(418370,117),
(594650,117),
(739630,117),
(883710,117),
(934700,117),
(1144200,117),
(1304930,117),
(1326470,117),
(1361210,117),
(1943950,117),
(1962700,117),
(2050650,117),
(2124490,117),
(2141730,117),
(2569760,117),
(2881650,117),
(2947440,117),
(3241660,117),
(3764200,117),
(3844970,117),
(1174180,118),
(376210,119),
(518790,119),
(2246340,119),
(2138720,120),
(1190970,121),
(3656800,121),
(250900,122),
(268910,122),
(413150,122),
(431960,122),
(728880,122),
(1118520,122),
(1623730,122),
(3949040,122),
(4148240,123),
(739630,124),
(2344520,125),
(2694490,125),
(881020,126),
(1903340,126),
(2244210,126),
(3839790,126),
(4508340,126),
(1118520,127),
(413150,128),
(1118520,128),
(1158310,128),
(1222670,128),
(1401590,128),
(2209900,128),
(4025700,128),
(4380490,128),
(4508340,128),
(268910,129),
(371970,129),
(728880,129),
(1426210,129),
(2001120,129),
(2968420,129),
(3405690,129),
(3808690,129),
(4032350,129),
(371970,130),
(728880,130),
(1364780,130),
(1426210,130),
(1665460,130),
(2968420,130),
(632360,131),
(1285190,131),
(1974050,131),
(2344520,131),
(2694490,131),
(218620,132),
(230410,132),
(632360,132),
(1085660,132),
(1285190,132),
(2074920,132),
(3932890,132),
(1903340,133),
(1973530,133),
(2778580,133),
(3557620,133),
(2569760,134),
(306130,135),
(582660,135),
(835570,135),
(1085660,135),
(1284210,135),
(1286830,135),
(2694490,135),
(3767850,135),
(570,136),
(2357570,136),
(489830,137),
(294100,138),
(427520,138),
(529340,138),
(949230,138),
(1158310,138),
(1363080,138),
(1868140,138),
(2958130,138),
(3164500,138),
(3472040,138),
(4210580,138),
(4380490,138),
(1203220,139),
(3564740,139),
(230410,140),
(266410,140),
(306130,140),
(376210,140),
(438100,140),
(440900,140),
(454650,140),
(513710,140),
(835570,140),
(1203220,140),
(1284210,140),
(1286830,140),
(1431300,140),
(2139460,140),
(2507950,140),
(3767850,140),
(261550,141),
(582660,141),
(813780,141),
(835570,141),
(1158310,141),
(1363080,141),
(1771300,141),
(3321460,141),
(431960,142),
(438100,142),
(236390,143),
(394360,143),
(552990,143),
(1295660,143),
(1874880,143),
(2807960,143),
(3028330,143),
(3932890,143),
(4210580,144),
(4000,145),
(12210,145),
(227300,145),
(270880,145),
(294100,145),
(489830,145),
(949230,145),
(2807960,146),
(3028330,146),
(440,147),
(570,147),
(730,147),
(4000,147),
(12210,147),
(105600,147),
(202970,147),
(218620,147),
(251570,147),
(252490,147),
(261550,147),
(266410,147),
(268910,147),
(275850,147),
(281990,147),
(284160,147),
(306130,147),
(311210,147),
(322330,147),
(346110,147),
(359550,147),
(371970,147),
(376210,147),
(381210,147),
(394360,147),
(413150,147),
(427520,147),
(438100,147),
(440900,147),
(454650,147),
(518790,147),
(526870,147),
(552990,147),
(553850,147),
(578080,147),
(582010,147),
(594650,147),
(632360,147),
(648800,147),
(728880,147),
(739630,147),
(813780,147),
(881020,147),
(892970,147),
(1085660,147),
(1144200,147),
(1151340,147),
(1172470,147),
(1172620,147),
(1174180,147),
(1203220,147),
(1203620,147),
(1245620,147),
(1286830,147),
(1289670,147),
(1295660,147),
(1304930,147),
(1326470,147),
(1364780,147),
(1374490,147),
(1426210,147),
(1449850,147),
(1465360,147),
(1623730,147),
(1659040,147),
(1665460,147),
(1805110,147),
(1808500,147),
(1874880,147),
(1943950,147),
(1962700,147),
(1974050,147),
(2073620,147),
(2073850,147),
(2074920,147),
(2138720,147),
(2139460,147),
(2141730,147),
(2183900,147),
(2215200,147),
(2246340,147),
(2300320,147),
(2344520,147),
(2357570,147),
(2399830,147),
(2483190,147),
(2507950,147),
(2537590,147),
(2622380,147),
(2767030,147),
(2807960,147),
(2868840,147),
(2881650,147),
(2968420,147),
(3028330,147),
(3059520,147),
(3065800,147),
(3105440,147),
(3124540,147),
(3164500,147),
(3240220,147),
(3241660,147),
(3405690,147),
(3472040,147),
(3527290,147),
(3564740,147),
(3679080,147),
(3712080,147),
(3839790,147),
(3844970,147),
(3892270,147),
(3949040,147),
(4025700,147),
(4032350,147),
(4069520,147),
(4380490,147),
(4435490,147),
(4704690,147),
(753640,148),
(2358720,149),
(518790,150),
(3712080,150),
(552990,151),
(3041230,151),
(3751950,151),
(3159330,152),
(440900,153),
(513710,153),
(601150,153),
(1091500,153),
(1547000,153),
(2138330,153),
(2592160,153),
(570,154),
(202970,154),
(218620,154),
(230410,154),
(251570,154),
(322330,154),
(359550,154),
(371970,154),
(381210,154),
(454650,154),
(553850,154),
(578080,154),
(632360,154),
(648800,154),
(728880,154),
(739630,154),
(881020,154),
(892970,154),
(1172620,154),
(1203620,154),
(1374490,154),
(1426210,154),
(1623730,154),
(1805110,154),
(1808500,154),
(1943950,154),
(2001120,154),
(2074920,154),
(2138720,154),
(2141730,154),
(2246340,154),
(2344520,154),
(2622380,154),
(2679100,154),
(2881650,154),
(2968420,154),
(3041230,154),
(3059520,154),
(3124540,154),
(3241660,154),
(3405690,154),
(3527290,154),
(3679080,154),
(3712080,154),
(3839790,154),
(3892270,154),
(3949040,154),
(4032350,154),
(4069520,154),
(4210580,154),
(4380490,154),
(4704690,154),
(12210,155),
(227300,155),
(251570,155),
(252490,155),
(261550,155),
(270880,155),
(275850,155),
(284160,155),
(306130,155),
(322330,155),
(346110,155),
(376210,155),
(427520,155),
(438100,155),
(440900,155),
(489830,155),
(513710,155),
(518790,155),
(526870,155),
(582010,155),
(594650,155),
(648800,155),
(753640,155),
(892970,155),
(1085660,155),
(1091500,155),
(1118520,155),
(1151340,155),
(1172620,155),
(1174180,155),
(1203620,155),
(1245620,155),
(1285190,155),
(1286830,155),
(1326470,155),
(1374490,155),
(1431300,155),
(1465360,155),
(1466060,155),
(1547000,155),
(1623730,155),
(1771300,155),
(1805110,155),
(1962700,155),
(2138330,155),
(2139460,155),
(2215200,155),
(2246340,155),
(2399830,155),
(2483190,155),
(2651280,155),
(2679100,155),
(3159330,155),
(3164500,155),
(3240220,155),
(3321460,155),
(3513350,155),
(3564740,155),
(3679080,155),
(3751950,155),
(3767850,155),
(4508340,155),
(105600,156),
(251570,156),
(252490,156),
(275850,156),
(322330,156),
(346110,156),
(440900,156),
(513710,156),
(648800,156),
(892970,156),
(1374490,156),
(1623730,156),
(1805110,156),
(2139460,156),
(2679100,156),
(3041230,156),
(4197610,157),
(4704690,158),
(4000,159),
(284160,159),
(2881650,159),
(3241660,159),
(3527290,159),
(3712080,159),
(3844970,159),
(3892270,159),
(3949040,159),
(4069520,159),
(1172620,160),
(1431300,160),
(3041230,160),
(3751950,160),
(105600,161),
(250900,161),
(413150,161),
(1671210,161),
(1868140,161),
(268910,162),
(2524850,162),
(2868840,163),
(529340,164),
(529340,165),
(251570,166),
(934700,166),
(1151340,166),
(1808500,166),
(2139460,166),
(4162040,166),
(275850,167),
(2881650,167),
(3527290,167),
(3712080,167),
(2124490,168),
(2947440,168),
(418370,169),
(739630,169),
(1304930,169),
(1943950,169),
(2124490,169),
(2141730,169),
(2569760,169),
(2947440,169),
(3932890,169),
(753640,170),
(883710,170),
(1289670,170),
(1332010,170),
(1426210,170),
(4197610,170),
(553850,171),
(1085660,171),
(1285190,171),
(1304930,171),
(1361210,171),
(1808500,171),
(2183900,171),
(2622380,171),
(3041230,171),
(3065800,171),
(3124540,171),
(3557620,171),
(3767850,171),
(3844970,171),
(570,172),
(730,172),
(252490,172),
(359550,172),
(552990,172),
(578080,172),
(582660,172),
(594650,172),
(835570,172),
(1085660,172),
(1172470,172),
(1172620,172),
(1203220,172),
(1284210,172),
(1364780,172),
(1431300,172),
(1449850,172),
(1665460,172),
(1808500,172),
(2073850,172),
(2138720,172),
(2357570,172),
(2767030,172),
(3059520,172),
(3065800,172),
(4032350,172),
(4435490,172),
(230410,173),
(261550,173),
(306130,173),
(413150,173),
(440900,173),
(454650,173),
(489830,173),
(582010,173),
(881020,173),
(1086940,173),
(1091500,173),
(1151340,173),
(1158310,173),
(1203620,173),
(1245620,173),
(1284210,173),
(1285190,173),
(1286830,173),
(1297900,173),
(1466060,173),
(1671210,173),
(1771300,173),
(1868140,173),
(1903340,173),
(1973530,173),
(1974050,173),
(2074920,173),
(2138330,173),
(2186680,173),
(2244210,173),
(2344520,173),
(2358720,173),
(2694490,173),
(2778580,173),
(3105440,173),
(3321460,173),
(3513350,173),
(3557620,173),
(3679080,173),
(3767850,173),
(3839790,173),
(4148240,173),
(4508340,173),
(813780,174),
(1142710,174),
(1289670,174),
(3274580,174),
(266410,175),
(284160,175),
(1289670,175),
(2483190,175),
(3059520,175),
(1142710,176),
(281990,177),
(227300,178),
(266410,178),
(270880,178),
(284160,178),
(376210,178),
(513710,178),
(518790,178),
(949230,178),
(1144200,178),
(1174180,178),
(1297900,178),
(1465360,178),
(1771300,178),
(1874880,178),
(2073620,178),
(2141730,178),
(2300320,178),
(2483190,178),
(2537590,178),
(2688950,178),
(2807960,178),
(3405690,178),
(227300,179),
(270880,179),
(413150,179),
(518790,179),
(1118520,179),
(1190970,179),
(1401590,179),
(1868140,179),
(2209900,179),
(2968420,179),
(4025700,179),
(4197610,179),
(4380490,179),
(883710,180),
(2050650,180),
(2124490,180),
(250900,181),
(427520,182),
(526870,182),
(813780,182),
(2958130,182),
(1332010,183),
(250900,184),
(371970,184),
(632360,184),
(2622380,184),
(2868840,184),
(3808690,184),
(2868840,185),
(632360,186),
(2569760,186),
(2622380,186),
(1086940,187),
(1222670,187),
(2209900,187),
(2592160,187),
(1172620,188),
(3159330,189),
(4000,190),
(105600,190),
(252490,190),
(261550,190),
(275850,190),
(281990,190),
(284160,190),
(294100,190),
(322330,190),
(427520,190),
(440900,190),
(526870,190),
(582660,190),
(835570,190),
(949230,190),
(1118520,190),
(1158310,190),
(1222670,190),
(1363080,190),
(1401590,190),
(1465360,190),
(1659040,190),
(1805110,190),
(1874880,190),
(2399830,190),
(2537590,190),
(2688950,190),
(2958130,190),
(2968420,190),
(3274580,190),
(4210580,190),
(275850,191),
(281990,191),
(294100,191),
(553850,191),
(1091500,191),
(1286830,191),
(1808500,191),
(2001120,191),
(2183900,191),
(2806050,191),
(3017860,191),
(3065800,191),
(2524850,192),
(2958130,193),
(601150,194),
(1086940,194),
(1547000,194),
(2074920,194),
(2138330,194),
(2592160,194),
(2767030,194),
(3240220,194),
(4148240,194),
(440,195),
(730,195),
(202970,195),
(218620,195),
(311210,195),
(359550,195),
(552990,195),
(553850,195),
(578080,195),
(1085660,195),
(1144200,195),
(1151340,195),
(1172470,195),
(1174180,195),
(1289670,195),
(1659040,195),
(1808500,195),
(1874880,195),
(2073620,195),
(2073850,195),
(2074920,195),
(2507950,195),
(2806050,195),
(2807960,195),
(3017860,195),
(3028330,195),
(3065800,195),
(3124540,195),
(3240220,195),
(3808690,195),
(3932890,195),
(4435490,195),
(227300,196),
(236390,196),
(266410,196),
(270880,196),
(281990,196),
(284160,196),
(294100,196),
(376210,196),
(394360,196),
(413150,196),
(518790,196),
(529340,196),
(949230,196),
(1118520,196),
(1158310,196),
(1190970,196),
(1222670,196),
(1289670,196),
(1295660,196),
(1363080,196),
(1401590,196),
(1449850,196),
(1465360,196),
(1665460,196),
(1874880,196),
(2138720,196),
(2209900,196),
(2300320,196),
(2483190,196),
(2537590,196),
(2688950,196),
(2958130,196),
(2968420,196),
(3059520,196),
(3105440,196),
(3164500,196),
(3274580,196),
(3405690,196),
(3472040,196),
(3656800,196),
(4025700,196),
(4032350,196),
(4197610,196),
(4210580,196),
(4380490,196),
(4000,197),
(12210,197),
(202970,197),
(250900,197),
(261550,197),
(266410,197),
(294100,197),
(306130,197),
(311210,197),
(418370,197),
(489830,197),
(513710,197),
(601150,197),
(753640,197),
(813780,197),
(881020,197),
(883710,197),
(949230,197),
(1091500,197),
(1118520,197),
(1144200,197),
(1174180,197),
(1222670,197),
(1245620,197),
(1332010,197),
(1401590,197),
(1466060,197),
(1547000,197),
(1659040,197),
(1665460,197),
(1671210,197),
(1771300,197),
(1868140,197),
(1903340,197),
(1973530,197),
(2050650,197),
(2124490,197),
(2138330,197),
(2244210,197),
(2344520,197),
(2358720,197),
(2507950,197),
(2537590,197),
(2592160,197),
(2622380,197),
(2651280,197),
(2688950,197),
(2778580,197),
(2806050,197),
(2807960,197),
(3017860,197),
(3028330,197),
(3321460,197),
(3405690,197),
(3472040,197),
(3557620,197),
(3564740,197),
(3764200,197),
(3768760,197),
(3839790,197),
(4197610,197),
(2524850,198),
(431960,199),
(1245620,200),
(2244210,200),
(2358720,200),
(2622380,200),
(2694490,200),
(2778580,200),
(2947440,200),
(3564740,200),
(275850,201),
(281990,201),
(753640,201),
(2806050,201),
(601150,202),
(1426210,203),
(2001120,203),
(266410,204),
(1289670,204),
(1665460,204),
(2138720,204),
(2483190,204),
(3059520,204),
(3405690,204),
(3472040,204),
(4032350,204),
(4069520,204),
(218620,205),
(518790,205),
(1304930,205),
(1659040,205),
(2651280,205),
(3159330,205),
(3241660,205),
(3751950,205),
(3768760,205),
(4704690,205),
(489830,206),
(753640,206),
(1086940,206),
(1091500,206),
(1174180,206),
(1286830,206),
(1426210,206),
(1671210,206),
(1771300,206),
(1903340,206),
(1973530,206),
(2001120,206),
(2050650,206),
(2124490,206),
(2138330,206),
(2358720,206),
(2524850,206),
(2592160,206),
(2651280,206),
(2947440,206),
(3513350,206),
(3557620,206),
(3679080,206),
(3768760,206),
(4148240,206),
(4162040,206),
(4435490,206),
(570,207),
(261550,207),
(281990,207),
(294100,207),
(394360,207),
(427520,207),
(529340,207),
(813780,207),
(835570,207),
(949230,207),
(1142710,207),
(1158310,207),
(1289670,207),
(1295660,207),
(1363080,207),
(1449850,207),
(1874880,207),
(1973530,207),
(2186680,207),
(2688950,207),
(2868840,207),
(2958130,207),
(3105440,207),
(3274580,207),
(3557620,207),
(3656800,207),
(4032350,207),
(4162040,208),
(2215200,209),
(2592160,209),
(2651280,209),
(2767030,209),
(739630,210),
(2209900,210),
(105600,211),
(251570,211),
(252490,211),
(275850,211),
(294100,211),
(322330,211),
(346110,211),
(376210,211),
(381210,211),
(427520,211),
(440900,211),
(513710,211),
(518790,211),
(578080,211),
(648800,211),
(892970,211),
(1151340,211),
(1203220,211),
(1203620,211),
(1326470,211),
(1374490,211),
(1431300,211),
(1623730,211),
(1805110,211),
(1808500,211),
(1962700,211),
(2050650,211),
(2139460,211),
(2399830,211),
(3041230,211),
(3241660,211),
(381210,212),
(418370,212),
(883710,212),
(1304930,212),
(1326470,212),
(1943950,212),
(1962700,212),
(2050650,212),
(2124490,212),
(2141730,212),
(2947440,212),
(3712080,212),
(3764200,212),
(3932890,212),
(835570,213),
(730,214),
(359550,214),
(394360,214),
(578080,214),
(594650,214),
(1144200,214),
(2073620,214),
(3105440,214),
(3932890,214),
(2186680,215),
(440,216),
(570,216),
(730,216),
(202970,216),
(381210,216),
(552990,216),
(594650,216),
(1172470,216),
(2073850,216),
(2138720,216),
(2357570,216),
(2767030,216),
(12210,217),
(230410,217),
(381210,217),
(582010,217),
(601150,217),
(883710,217),
(1245620,217),
(1284210,217),
(1297900,217),
(1466060,217),
(1659040,217),
(2074920,217),
(2124490,217),
(2183900,217),
(2215200,217),
(2246340,217),
(2300320,217),
(2357570,217),
(2622380,217),
(2651280,217),
(3240220,217),
(3656800,217),
(3751950,217),
(3768760,217),
(12210,218),
(230410,218),
(552990,218),
(553850,218),
(578080,218),
(632360,218),
(1547000,218),
(1808500,218),
(2050650,218),
(2074920,218),
(2183900,218),
(2357570,218),
(2767030,218),
(3764200,218),
(3768760,218),
(2300320,219),
(3808690,220),
(3767850,221),
(1449850,222),
(2524850,223),
(3656800,223),
(227300,224),
(270880,224),
(3656800,224),
(1086940,225),
(1903340,225),
(1973530,225),
(2186680,225),
(2868840,225),
(1142710,226),
(2186680,226),
(3105440,226),
(1449850,227),
(1973530,227),
(1868140,228),
(1962700,228),
(431960,229),
(236390,230),
(266410,230),
(418370,230),
(438100,230),
(739630,230),
(1659040,230),
(2537590,230),
(3059520,230),
(2209900,231),
(236390,232),
(552990,232),
(1431300,232),
(381210,233),
(1361210,233),
(1547000,233),
(1659040,233),
(2138330,233),
(2569760,233),
(1973530,234),
(251570,235),
(202970,236),
(236390,236),
(261550,236),
(394360,236),
(552990,236),
(582660,236),
(1142710,236),
(2807960,236),
(3028330,236),
(3105440,236),
(835570,237),
(2183900,237),
(594650,238),
(1174180,238),
(3124540,238),
(236390,239),
(394360,239),
(552990,239),
(251570,240),
(311210,240),
(418370,240),
(513710,240),
(883710,240),
(934700,240),
(2050650,240),
(3764200,240),
(570,241),
(730,241),
(359550,241),
(1665460,241),
(2138720,241),
(3472040,241);
/*!40000 ALTER TABLE `dim_gametag` ENABLE KEYS */;
UNLOCK TABLES;
COMMIT;
SET AUTOCOMMIT=@OLD_AUTOCOMMIT;

--
-- Table structure for table `dim_genre`
--

DROP TABLE IF EXISTS `dim_genre`;
/*!40101 SET @saved_cs_client     = @@character_set_client */;
/*!40101 SET character_set_client = utf8mb4 */;
CREATE TABLE `dim_genre` (
  `genre_id` int(11) NOT NULL AUTO_INCREMENT,
  `genre_name` varchar(255) NOT NULL,
  PRIMARY KEY (`genre_id`)
) ENGINE=InnoDB AUTO_INCREMENT=28 DEFAULT CHARSET=utf8mb4 COLLATE=utf8mb4_uca1400_ai_ci;
/*!40101 SET character_set_client = @saved_cs_client */;

--
-- Dumping data for table `dim_genre`
--

SET @OLD_AUTOCOMMIT=@@AUTOCOMMIT, @@AUTOCOMMIT=0;
LOCK TABLES `dim_genre` WRITE;
/*!40000 ALTER TABLE `dim_genre` DISABLE KEYS */;
INSERT INTO `dim_genre` VALUES
(1,'Action'),
(2,'Action Games'),
(3,'Adventure'),
(4,'Adventure Games'),
(5,'Animation & Modeling'),
(6,'Casual'),
(7,'Casual Games'),
(8,'Design & Illustration'),
(9,'Early Access'),
(10,'Early Access Games'),
(11,'Free To Play'),
(12,'Free To Play Games'),
(13,'Indie'),
(14,'Indie Games'),
(15,'Massively Multiplayer'),
(16,'Massively Multiplayer Games'),
(17,'RPG'),
(18,'RPG Games'),
(19,'Racing'),
(20,'Racing Games'),
(21,'Simulation'),
(22,'Simulation Games'),
(23,'Sports'),
(24,'Sports Games'),
(25,'Strategy'),
(26,'Strategy Games'),
(27,'Utilities');
/*!40000 ALTER TABLE `dim_genre` ENABLE KEYS */;
UNLOCK TABLES;
COMMIT;
SET AUTOCOMMIT=@OLD_AUTOCOMMIT;

--
-- Table structure for table `dim_publisher`
--

DROP TABLE IF EXISTS `dim_publisher`;
/*!40101 SET @saved_cs_client     = @@character_set_client */;
/*!40101 SET character_set_client = utf8mb4 */;
CREATE TABLE `dim_publisher` (
  `pub_id` int(11) NOT NULL AUTO_INCREMENT,
  `pub_name` varchar(255) NOT NULL,
  PRIMARY KEY (`pub_id`)
) ENGINE=InnoDB AUTO_INCREMENT=97 DEFAULT CHARSET=utf8mb4 COLLATE=utf8mb4_uca1400_ai_ci;
/*!40101 SET character_set_client = @saved_cs_client */;

--
-- Dumping data for table `dim_publisher`
--

SET @OLD_AUTOCOMMIT=@@AUTOCOMMIT, @@AUTOCOMMIT=0;
LOCK TABLES `dim_publisher` WRITE;
/*!40000 ALTER TABLE `dim_publisher` DISABLE KEYS */;
INSERT INTO `dim_publisher` VALUES
(1,'2K'),
(2,'Activision'),
(3,'AdHoc Studio'),
(4,'Aggro Crab'),
(5,'Annapurna Interactive'),
(6,'ArenaNet®'),
(7,'Avalanche Studios'),
(8,'Awaken Realms'),
(9,'Axolot Games'),
(10,'Bandai Namco Entertainment'),
(11,'Bandai Namco Entertainment Inc.'),
(12,'BeamNG'),
(13,'Behaviour Interactive Inc.'),
(14,'Bethesda Softworks'),
(15,'Blizzard Entertainment, Inc.'),
(16,'Bohemia Interactive'),
(17,'Bungie'),
(18,'CAPCOM Co., Ltd.'),
(19,'CD PROJEKT RED'),
(20,'Coffee Stain Publishing'),
(21,'ConcernedApe'),
(22,'Crytek'),
(23,'Deep Silver'),
(24,'Digital Extremes'),
(25,'Dovetail Games - TSW'),
(26,'Electronic Arts'),
(27,'Envar Games'),
(28,'Evil Landfall?'),
(29,'Facepunch Studios'),
(30,'Fatshark'),
(31,'Fireshine Games'),
(32,'Focus Entertainment'),
(33,'Frontier Developments'),
(34,'Frozen District'),
(35,'Funcom'),
(36,'FuturLab'),
(37,'GIANTS Software'),
(38,'Gaijin Network Ltd'),
(39,'Gameloft'),
(40,'Gamersky Games'),
(41,'Gearbox Publishing'),
(42,'Hello Games'),
(43,'Hooded Horse'),
(44,'IO Interactive A/S'),
(45,'Jagex Ltd'),
(46,'KONAMI'),
(47,'KRAFTON, Inc.'),
(48,'Kepler Interactive'),
(49,'Kinetic Games'),
(50,'Klei Entertainment'),
(51,'Larian Studios'),
(52,'Ludeon Studios'),
(53,'MINTROCKET'),
(54,'Mega Crit'),
(55,'NEXON'),
(56,'NEXON Korea'),
(57,'Nacon'),
(58,'New One Studio'),
(59,'Newnight'),
(60,'Nicalis, Inc.'),
(61,'Oro Interactive'),
(62,'Paradox Interactive'),
(63,'Pearl Abyss'),
(64,'PlayStation Publishing LLC'),
(65,'PlayWay S.A.'),
(66,'Pocketpair'),
(67,'Pocketpair Publishing (Japan)'),
(68,'Re-Logic'),
(69,'Red Barrels'),
(70,'Rockstar Games'),
(71,'SCS Software'),
(72,'SEGA'),
(73,'Secret Mode'),
(74,'Sloclap'),
(75,'Slug Disco'),
(76,'Starbreeze Entertainment'),
(77,'Studio Wildcard'),
(78,'TENSTACK'),
(79,'THQ Nordic'),
(80,'TaleWorlds Entertainment'),
(81,'Team17'),
(82,'The Fun Pimps Entertainment LLC'),
(83,'Ubisoft'),
(84,'Unknown'),
(85,'Unknown Worlds Entertainment'),
(86,'VRChat Inc.'),
(87,'Valve'),
(88,'Wargaming Group Limited'),
(89,'Warner Bros. Games'),
(90,'XD'),
(91,'XSEED Games'),
(92,'Xbox Game Studios'),
(93,'lemorion_1224'),
(94,'rokaplay'),
(95,'tinyBuild'),
(96,'tobyfox');
/*!40000 ALTER TABLE `dim_publisher` ENABLE KEYS */;
UNLOCK TABLES;
COMMIT;
SET AUTOCOMMIT=@OLD_AUTOCOMMIT;

--
-- Table structure for table `dim_tag`
--

DROP TABLE IF EXISTS `dim_tag`;
/*!40101 SET @saved_cs_client     = @@character_set_client */;
/*!40101 SET character_set_client = utf8mb4 */;
CREATE TABLE `dim_tag` (
  `tag_id` int(11) NOT NULL AUTO_INCREMENT,
  `tag_name` varchar(255) NOT NULL,
  PRIMARY KEY (`tag_id`)
) ENGINE=InnoDB AUTO_INCREMENT=242 DEFAULT CHARSET=utf8mb4 COLLATE=utf8mb4_uca1400_ai_ci;
/*!40101 SET character_set_client = @saved_cs_client */;

--
-- Dumping data for table `dim_tag`
--

SET @OLD_AUTOCOMMIT=@@AUTOCOMMIT, @@AUTOCOMMIT=0;
LOCK TABLES `dim_tag` WRITE;
/*!40000 ALTER TABLE `dim_tag` DISABLE KEYS */;
INSERT INTO `dim_tag` VALUES
(1,'2D'),
(2,'2D Fighter'),
(3,'3D'),
(4,'3D Platformer'),
(5,'4 Player Local'),
(6,'4X'),
(7,'Action'),
(8,'Action RPG'),
(9,'Action Roguelike'),
(10,'Action-Adventure'),
(11,'Adventure'),
(12,'Agriculture'),
(13,'Aliens'),
(14,'Alternate History'),
(15,'Animation & Modeling'),
(16,'Anime'),
(17,'Arcade'),
(18,'Artificial Intelligence'),
(19,'Assassins'),
(20,'Atmospheric'),
(21,'Automation'),
(22,'Automobile Sim'),
(23,'Base Building'),
(24,'Basketball'),
(25,'Battle Royale'),
(26,'Beautiful'),
(27,'Building'),
(28,'Bullet Heaven'),
(29,'Bullet Hell'),
(30,'CRPG'),
(31,'Capitalism'),
(32,'Card Battler'),
(33,'Card Game'),
(34,'Cartoon'),
(35,'Casual'),
(36,'Cats'),
(37,'Character Action Game'),
(38,'Character Customization'),
(39,'Choices Matter'),
(40,'Choose Your Own Adventure'),
(41,'Cinematic'),
(42,'City Builder'),
(43,'Class-Based'),
(44,'Classic'),
(45,'Cleaning'),
(46,'Co-op'),
(47,'Co-op Campaign'),
(48,'Collectathon'),
(49,'Colony Sim'),
(50,'Colorful'),
(51,'Combat'),
(52,'Comedy'),
(53,'Comic Book'),
(54,'Competitive'),
(55,'Controller'),
(56,'Cooking'),
(57,'Cozy'),
(58,'Crafting'),
(59,'Creature Collector'),
(60,'Crime'),
(61,'Cute'),
(62,'Cyberpunk'),
(63,'Dark'),
(64,'Dark Comedy'),
(65,'Dark Fantasy'),
(66,'Dating Sim'),
(67,'Deckbuilding'),
(68,'Decorating'),
(69,'Demons'),
(70,'Design & Illustration'),
(71,'Destruction'),
(72,'Difficult'),
(73,'Dinosaurs'),
(74,'Diplomacy'),
(75,'Dragons'),
(76,'Driving'),
(77,'Dungeon Crawler'),
(78,'Dwarves'),
(79,'Early Access'),
(80,'Economy'),
(81,'Emotional'),
(82,'Epic'),
(83,'Episodic'),
(84,'Escape Room'),
(85,'Exploration'),
(86,'Extraction Shooter'),
(87,'FMV'),
(88,'FPS'),
(89,'Fantasy'),
(90,'Farming Sim'),
(91,'Fast-Paced'),
(92,'Female Protagonist'),
(93,'Fighting'),
(94,'First-Person'),
(95,'Fishing'),
(96,'Flight'),
(97,'Football (American)'),
(98,'Football (Soccer)'),
(99,'Free to Play'),
(100,'Funny'),
(101,'Futuristic'),
(102,'Gambling'),
(103,'God Game'),
(104,'Golf'),
(105,'Gore'),
(106,'Gothic'),
(107,'Grand Strategy'),
(108,'Great Soundtrack'),
(109,'Gun Customization'),
(110,'Hack and Slash'),
(111,'Hand-drawn'),
(112,'Heist'),
(113,'Hero Shooter'),
(114,'Hidden Object'),
(115,'Historical'),
(116,'Hobby Sim'),
(117,'Horror'),
(118,'Horses'),
(119,'Hunting'),
(120,'Immersive'),
(121,'Immersive Sim'),
(122,'Indie'),
(123,'Interactive Fiction'),
(124,'Investigation'),
(125,'Isometric'),
(126,'JRPG'),
(127,'LGBTQ+'),
(128,'Life Sim'),
(129,'Local Co-Op'),
(130,'Local Multiplayer'),
(131,'Loot'),
(132,'Looter Shooter'),
(133,'Lore-Rich'),
(134,'Lovecraftian'),
(135,'MMORPG'),
(136,'MOBA'),
(137,'Magic'),
(138,'Management'),
(139,'Martial Arts'),
(140,'Massively Multiplayer'),
(141,'Medieval'),
(142,'Memes'),
(143,'Military'),
(144,'Mining'),
(145,'Moddable'),
(146,'Modern'),
(147,'Multiplayer'),
(148,'Mystery'),
(149,'Mythology'),
(150,'Nature'),
(151,'Naval Combat'),
(152,'Ninja'),
(153,'Nudity'),
(154,'Online Co-Op'),
(155,'Open World'),
(156,'Open World Survival Craft'),
(157,'Organizing'),
(158,'Party Game'),
(159,'Physics'),
(160,'Pirates'),
(161,'Pixel Graphics'),
(162,'Platformer'),
(163,'Political'),
(164,'Political Sim'),
(165,'Politics'),
(166,'Post-apocalyptic'),
(167,'Procedural Generation'),
(168,'Psychological'),
(169,'Psychological Horror'),
(170,'Puzzle'),
(171,'PvE'),
(172,'PvP'),
(173,'RPG'),
(174,'RTS'),
(175,'Racing'),
(176,'Real Time Tactics'),
(177,'Real-Time with Pause'),
(178,'Realistic'),
(179,'Relaxing'),
(180,'Remake'),
(181,'Replay Value'),
(182,'Resource Management'),
(183,'Robots'),
(184,'Roguelike'),
(185,'Roguelike Deckbuilder'),
(186,'Roguelite'),
(187,'Romance'),
(188,'Sailing'),
(189,'Samurai'),
(190,'Sandbox'),
(191,'Sci-fi'),
(192,'Score Attack'),
(193,'Sequel'),
(194,'Sexual Content'),
(195,'Shooter'),
(196,'Simulation'),
(197,'Singleplayer'),
(198,'Skating'),
(199,'Software'),
(200,'Souls-like'),
(201,'Space'),
(202,'Spectacle fighter'),
(203,'Split Screen'),
(204,'Sports'),
(205,'Stealth'),
(206,'Story Rich'),
(207,'Strategy'),
(208,'Stylized'),
(209,'Superhero'),
(210,'Supernatural'),
(211,'Survival'),
(212,'Survival Horror'),
(213,'Swordplay'),
(214,'Tactical'),
(215,'Tactical RPG'),
(216,'Team-Based'),
(217,'Third Person'),
(218,'Third-Person Shooter'),
(219,'Time Management'),
(220,'Top-Down Shooter'),
(221,'Trading'),
(222,'Trading Card Game'),
(223,'Trains'),
(224,'Transportation'),
(225,'Turn-Based Combat'),
(226,'Turn-Based Strategy'),
(227,'Turn-Based Tactics'),
(228,'Underwater'),
(229,'Utilities'),
(230,'VR'),
(231,'Vampires'),
(232,'Vehicular Combat'),
(233,'Violent'),
(234,'Visual Novel'),
(235,'Voxel'),
(236,'War'),
(237,'Wargame'),
(238,'Western'),
(239,'World War II'),
(240,'Zombies'),
(241,'eSports');
/*!40000 ALTER TABLE `dim_tag` ENABLE KEYS */;
UNLOCK TABLES;
COMMIT;
SET AUTOCOMMIT=@OLD_AUTOCOMMIT;

--
-- Table structure for table `fact_game`
--

DROP TABLE IF EXISTS `fact_game`;
/*!40101 SET @saved_cs_client     = @@character_set_client */;
/*!40101 SET character_set_client = utf8mb4 */;
CREATE TABLE `fact_game` (
  `fact_id` int(11) NOT NULL AUTO_INCREMENT,
  `game_id` int(11) NOT NULL,
  `dev_id` int(11) NOT NULL,
  `pub_id` int(11) NOT NULL,
  `release_date` date DEFAULT NULL,
  `review_count` int(11) NOT NULL,
  `price` decimal(10,2) NOT NULL,
  PRIMARY KEY (`fact_id`),
  KEY `dev_id` (`dev_id`),
  KEY `pub_id` (`pub_id`),
  KEY `game_id` (`game_id`),
  KEY `release_date` (`release_date`),
  CONSTRAINT `fact_game_ibfk_1` FOREIGN KEY (`dev_id`) REFERENCES `dim_developer` (`dev_id`),
  CONSTRAINT `fact_game_ibfk_2` FOREIGN KEY (`pub_id`) REFERENCES `dim_publisher` (`pub_id`),
  CONSTRAINT `fact_game_ibfk_3` FOREIGN KEY (`game_id`) REFERENCES `dim_game` (`game_id`),
  CONSTRAINT `fact_game_ibfk_4` FOREIGN KEY (`release_date`) REFERENCES `dim_date` (`release_date`)
) ENGINE=InnoDB AUTO_INCREMENT=598 DEFAULT CHARSET=utf8mb4 COLLATE=utf8mb4_uca1400_ai_ci;
/*!40101 SET character_set_client = @saved_cs_client */;

--
-- Dumping data for table `fact_game`
--

SET @OLD_AUTOCOMMIT=@@AUTOCOMMIT, @@AUTOCOMMIT=0;
LOCK TABLES `fact_game` WRITE;
/*!40000 ALTER TABLE `fact_game` DISABLE KEYS */;
INSERT INTO `fact_game` VALUES
(399,440,90,87,'2007-10-10',738768,0.00),
(400,570,90,87,'2013-07-09',833284,0.00),
(401,730,90,87,'2012-08-21',2577371,0.00),
(402,4000,30,84,'2006-11-29',533795,89999.00),
(403,12210,70,70,'2020-03-24',71999,0.00),
(404,105600,66,68,'2011-05-16',596652,90999.00),
(405,202970,87,2,'2012-11-12',12546,599000.00),
(406,218620,58,76,'2013-08-13',174924,1823076.00),
(407,227300,71,71,'2012-10-18',143567,175999.00),
(408,230410,23,24,'2013-03-25',297938,0.00),
(409,236390,87,38,'2013-08-15',320762,0.00),
(410,250900,56,60,'2014-11-04',155634,95999.00),
(411,251570,81,82,'2024-07-25',125607,338999.00),
(412,252490,30,29,'2018-02-08',527253,329000.00),
(413,261550,79,80,'2022-10-25',97797,549000.00),
(414,266410,87,84,'2015-01-12',3170,0.00),
(415,268910,87,84,'2017-09-29',65034,135999.00),
(416,270880,71,71,'2016-02-02',93813,175999.00),
(417,275850,41,42,'2016-08-12',182478,0.00),
(418,281990,60,62,'2016-05-09',76391,563999.00),
(419,284160,8,12,'2015-05-29',204067,206999.00),
(420,294100,49,52,'2018-10-17',118193,284999.00),
(421,306130,96,14,'2014-04-04',74299,266000.00),
(422,311210,6,2,'2015-11-05',118290,891000.00),
(423,322330,47,50,'2016-04-21',81819,95999.00),
(424,346110,75,77,'2017-08-27',255433,209598.00),
(425,359550,84,83,'2015-12-01',795866,0.00),
(426,371970,87,84,'2015-06-23',9754,165999.00),
(427,376210,87,84,'2015-12-01',59776,165999.00),
(428,381210,9,13,'2016-06-14',262976,219890.00),
(429,394360,60,62,'2016-06-06',123706,563999.00),
(430,413150,21,21,'2016-02-26',390583,115999.00),
(431,418370,16,18,'2017-01-23',32483,269749.00),
(432,427520,87,84,'2020-08-14',116655,0.00),
(433,431960,87,84,'2018-11-16',229917,47499.00),
(434,438100,89,86,'2017-02-01',175790,0.00),
(435,440900,35,35,'2018-05-08',39357,625088.00),
(436,454650,87,10,'2016-10-27',19243,3169798.00),
(437,489830,10,14,'2016-10-27',128593,329999.00),
(438,513710,87,84,'2025-06-17',37832,1329568.00),
(439,518790,29,7,'2017-02-16',63391,165999.00),
(440,526870,20,20,'2024-09-10',135659,51800.00),
(441,529340,60,62,'2022-10-25',20521,1232489.00),
(442,552990,92,88,'2017-11-15',49087,0.00),
(443,553850,4,64,'2024-02-08',629627,579000.00),
(444,578080,59,47,'2017-12-21',448193,0.00),
(445,582010,16,18,'2018-08-08',115135,6514949.00),
(446,582660,61,63,'2023-09-05',35749,48999.00),
(447,594650,22,22,'2019-08-27',94248,255000.00),
(448,601150,16,18,'2019-03-07',39747,519000.00),
(449,632360,87,41,'2020-08-11',162379,119999.00),
(450,648800,87,9,'2022-06-20',129477,174999.00),
(451,728880,80,81,'2018-08-07',14418,199999.00),
(452,739630,46,49,'2020-09-18',357501,0.00),
(453,753640,87,5,'2020-06-18',51768,110398.00),
(454,813780,94,92,'2019-11-14',61368,299500.00),
(455,835570,87,84,'2020-04-05',6832,0.00),
(456,881020,87,84,'2024-01-31',11977,429000.00),
(457,883710,16,18,'2019-01-24',57689,515248.00),
(458,892970,87,20,'2021-02-02',256833,42999.00),
(459,934700,87,23,'2024-04-22',10205,306440.00),
(460,949230,43,62,'2023-10-24',33931,563999.00),
(461,1085660,15,17,'2019-10-01',388197,0.00),
(462,1086940,48,51,'2023-08-03',445216,699999.00),
(463,1091500,17,19,'2020-12-09',382959,699999.00),
(464,1118520,87,84,'2026-05-25',13290,299999.00),
(465,1142710,18,72,'2022-02-16',55439,648999.00),
(466,1144200,87,84,'2023-12-13',148892,255999.00),
(467,1151340,10,14,'2020-04-14',46275,532000.00),
(468,1158310,60,62,'2020-09-01',49642,563999.00),
(469,1172470,68,26,'2020-11-04',446401,0.00),
(470,1172620,65,92,'2020-06-03',146742,449000.00),
(471,1174180,69,70,'2019-12-05',306393,0.00),
(472,1190970,34,34,'2023-12-14',9284,303801.00),
(473,1203220,87,84,'2021-08-11',23649,0.00),
(474,1203620,87,84,'2024-01-24',48178,239999.00),
(475,1222670,51,26,'2014-09-02',105434,0.00),
(476,1245620,87,10,'2022-02-24',431771,599000.00),
(477,1284210,3,6,'2022-08-23',18538,0.00),
(478,1285190,38,1,'2025-09-11',42513,1090000.00),
(479,1286830,87,26,'2011-12-20',52449,0.00),
(480,1289670,26,26,'2020-08-31',10,0.00),
(481,1295660,32,1,'2025-02-10',28704,799000.00),
(482,1297900,87,79,'2026-06-05',6940,573999.00),
(483,1304930,67,69,'2024-03-05',40885,256192.00),
(484,1326470,27,59,'2024-02-22',116747,245999.00),
(485,1332010,87,5,'2022-07-19',78683,34799.00),
(486,1361210,31,30,'2022-11-30',73603,1072894.00),
(487,1363080,73,43,'2024-04-26',39384,0.00),
(488,1364780,16,18,'2023-06-01',20403,3802097.00),
(489,1374490,44,45,'2025-04-15',21308,319999.00),
(490,1401590,37,39,'2023-12-05',15505,525000.00),
(491,1426210,40,26,'2021-03-25',47448,479000.00),
(492,1431300,87,95,'2026-06-22',6618,119999.00),
(493,1449850,45,46,'2022-01-18',48501,0.00),
(494,1465360,72,32,'2021-05-17',18653,1755780.00),
(495,1466060,64,8,'2025-05-23',18805,110998.00),
(496,1547000,69,70,'2023-01-19',4757,119000.00),
(497,1623730,63,66,'2026-07-09',162191,39549.00),
(498,1659040,42,44,'2022-01-20',29966,751999.00),
(499,1665460,45,46,'2021-09-29',29270,0.00),
(500,1671210,99,96,'2025-06-04',57746,206999.00),
(501,1675200,87,84,NULL,0,0.00),
(502,1771300,93,23,'2025-02-04',66046,641000.00),
(503,1805110,77,94,'2026-06-08',1489,101198.00),
(504,1808500,87,84,'2025-10-30',196504,479000.00),
(505,1868140,50,53,'2023-06-28',50144,165999.00),
(506,1874880,14,16,'2023-11-16',30235,499999.00),
(507,1903340,87,48,'2025-04-24',100813,499000.00),
(508,1943950,11,73,'2025-10-23',43778,84500.00),
(509,1962700,88,85,'2026-05-14',69806,350999.00),
(510,1973530,87,84,'2023-02-26',48232,0.00),
(511,1974050,77,90,'2023-05-09',8129,0.00),
(512,2001120,40,26,'2025-03-06',23234,569000.00),
(513,2050650,16,18,'2023-03-23',69174,1320773.00),
(514,2073620,87,84,'2025-09-15',30119,0.00),
(515,2073850,87,84,'2023-12-07',155373,0.00),
(516,2074920,54,55,'2024-06-30',50560,0.00),
(517,2124490,13,46,'2024-10-07',22996,1433000.00),
(518,2138330,17,19,'2023-09-25',10732,349999.00),
(519,2138720,74,74,'2025-06-19',16507,245999.00),
(520,2139460,87,84,'2024-07-09',86046,0.00),
(521,2141730,87,84,'2022-10-18',14402,90999.00),
(522,2183900,72,32,'2024-09-09',94295,1489400.00),
(523,2186680,87,84,'2023-12-07',18757,375999.00),
(524,2209900,87,91,'2026-07-06',1119,499999.00),
(525,2215200,78,89,'2026-05-22',6129,1149000.00),
(526,2244210,87,11,'2026-07-09',1839,799000.00),
(527,2246340,16,18,'2025-02-27',83628,6535999.00),
(528,2300320,36,37,'2024-11-12',14914,326000.00),
(529,2344520,12,15,'2023-10-17',20421,744000.00),
(530,2357570,12,15,'2023-08-10',164238,0.00),
(531,2358720,87,84,'2024-08-19',69740,699999.00),
(532,2399830,75,77,'2023-10-25',57340,1679846.00),
(533,2483190,62,92,'2026-05-18',38376,899000.00),
(534,2507950,87,84,'2024-12-04',67568,0.00),
(535,2524850,85,31,'2026-07-15',1048,125498.00),
(536,2537590,5,92,'2024-11-19',12379,1040000.00),
(537,2569760,1,57,'2026-07-15',1750,126498.00),
(538,2592160,2,3,'2025-10-22',106530,129598.00),
(539,2622380,87,10,'2025-05-29',74203,399000.00),
(540,2651280,57,64,'2025-01-30',16052,879000.00),
(541,2679100,28,27,'2026-06-10',1595,134999.00),
(542,2688950,33,33,'2024-11-06',8273,375999.00),
(543,2694490,87,84,'2024-12-06',96046,478185.00),
(544,2767030,87,84,'2024-12-05',291159,0.00),
(545,2778580,87,10,'2024-06-20',41197,599000.00),
(546,2806050,39,92,'2026-07-28',0,799000.00),
(547,2807960,7,26,'2025-10-10',148383,799000.00),
(548,2868840,52,54,'2026-03-05',65079,211000.00),
(549,2881650,87,28,'2024-04-01',34587,0.00),
(550,2947440,87,46,'2025-09-24',8895,1433000.00),
(551,2958130,33,33,'2025-10-21',6880,629999.00),
(552,2968420,77,36,'2025-10-23',7123,157300.00),
(553,3017860,87,14,'2025-05-14',18683,999999.00),
(554,3028330,7,26,'2025-10-28',9625,0.00),
(555,3041230,87,67,'2026-04-14',27384,245999.00),
(556,3059520,19,26,'2025-05-30',9700,408000.00),
(557,3065800,15,17,'2026-03-05',35375,449999.00),
(558,3105440,86,43,'2026-04-30',6042,299999.00),
(559,3124540,87,31,'2026-04-28',18954,136999.00),
(560,3159330,83,83,'2025-03-19',15510,799000.00),
(561,3164500,87,84,'2025-03-24',196530,165999.00),
(562,3240220,70,70,'2025-03-04',69864,119000.00),
(563,3241660,87,84,'2025-02-26',135208,84500.00),
(564,3274580,87,83,'2025-11-12',5282,596250.00),
(565,3321460,61,63,'2026-03-19',59550,799000.00),
(566,3405690,25,26,'2025-09-25',25916,239000.00),
(567,3472040,91,1,'2025-09-04',12884,889000.00),
(568,3513350,87,84,'2025-04-28',28203,0.00),
(569,3527290,87,4,'2025-06-16',133347,69999.00),
(570,3557620,53,56,'2025-07-03',9302,0.00),
(571,3564740,87,84,'2025-11-14',62778,0.00),
(572,3656800,24,25,'2025-09-30',1944,13936358.00),
(573,3679080,87,84,'2026-03-16',4187,0.00),
(574,3712080,87,84,'2026-07-16',1053,0.00),
(575,3751950,87,83,'2026-07-09',9903,679000.00),
(576,3764200,16,18,'2026-02-26',52191,313199.00),
(577,3767850,87,84,'2026-07-15',862,134999.00),
(578,3768760,42,44,'2026-05-26',16617,730000.00),
(579,3808690,87,75,'2026-07-16',1261,29099.00),
(580,3839790,87,84,'2026-07-08',906,299000.00),
(581,3844970,87,84,'2026-06-10',1903,0.00),
(582,3892270,76,78,'2026-05-01',9653,20499.00),
(583,3932890,87,84,'2025-11-15',11863,324999.00),
(584,3949040,87,84,'2025-10-21',29826,74000.00),
(585,4025700,95,90,'2026-01-16',7601,0.00),
(586,4032350,82,26,'2026-07-09',1580,799000.00),
(587,4069520,87,61,'2026-02-19',6698,0.00),
(588,4148240,55,58,'2026-06-08',406,193000.00),
(589,4162040,87,84,'2026-06-16',4510,0.00),
(590,4165870,87,84,NULL,0,0.00),
(591,4165910,87,84,NULL,0,0.00),
(592,4197610,87,84,'2026-04-30',13533,58499.00),
(593,4210580,98,65,'2026-07-16',518,0.00),
(594,4380490,87,40,'2026-07-09',1587,49499.00),
(595,4435490,87,2,'2026-10-22',0,999000.00),
(596,4508340,87,84,'2026-07-07',1536,0.00),
(597,4704690,97,93,'2026-06-09',35293,58499.00);
/*!40000 ALTER TABLE `fact_game` ENABLE KEYS */;
UNLOCK TABLES;
COMMIT;
SET AUTOCOMMIT=@OLD_AUTOCOMMIT;
/*!40103 SET TIME_ZONE=@OLD_TIME_ZONE */;

/*!40101 SET SQL_MODE=@OLD_SQL_MODE */;
/*!40014 SET FOREIGN_KEY_CHECKS=@OLD_FOREIGN_KEY_CHECKS */;
/*!40014 SET UNIQUE_CHECKS=@OLD_UNIQUE_CHECKS */;
/*!40101 SET CHARACTER_SET_CLIENT=@OLD_CHARACTER_SET_CLIENT */;
/*!40101 SET CHARACTER_SET_RESULTS=@OLD_CHARACTER_SET_RESULTS */;
/*!40101 SET COLLATION_CONNECTION=@OLD_COLLATION_CONNECTION */;
/*M!100616 SET NOTE_VERBOSITY=@OLD_NOTE_VERBOSITY */;

-- Dump completed on 2026-07-22 23:28:42
