/*M!999999\- enable the sandbox mode */ 
-- MariaDB dump 10.19-11.8.6-MariaDB, for debian-linux-gnu (x86_64)
--
-- Host: localhost    Database: WarehouseDB
-- ------------------------------------------------------
-- Server version	11.8.6-MariaDB-6 from Debian

/*!40101 SET @OLD_CHARACTER_SET_CLIENT=@@CHARACTER_SET_CLIENT */;
/*!40101 SET @OLD_CHARACTER_SET_RESULTS=@@CHARACTER_SET_RESULTS */;
/*!40101 SET @OLD_COLLATION_CONNECTION=@@COLLATION_CONNECTION */;
/*!40101 SET NAMES utf8mb4 */;
/*!40103 SET @OLD_TIME_ZONE=@@TIME_ZONE */;
/*!40103 SET TIME_ZONE='+00:00' */;
/*!40014 SET @OLD_UNIQUE_CHECKS=@@UNIQUE_CHECKS, UNIQUE_CHECKS=0 */;
/*!40014 SET @OLD_FOREIGN_KEY_CHECKS=@@FOREIGN_KEY_CHECKS, FOREIGN_KEY_CHECKS=0 */;
/*!40101 SET @OLD_SQL_MODE=@@SQL_MODE, SQL_MODE='NO_AUTO_VALUE_ON_ZERO' */;
/*M!100616 SET @OLD_NOTE_VERBOSITY=@@NOTE_VERBOSITY, NOTE_VERBOSITY=0 */;

--
-- Table structure for table `dim_date`
--

DROP TABLE IF EXISTS `dim_date`;
/*!40101 SET @saved_cs_client     = @@character_set_client */;
/*!40101 SET character_set_client = utf8mb4 */;
CREATE TABLE `dim_date` (
  `release_date` date NOT NULL,
  `day` int(11) NOT NULL,
  `month` int(11) NOT NULL,
  `year` int(11) NOT NULL,
  `quarter` int(11) NOT NULL,
  PRIMARY KEY (`release_date`)
) ENGINE=InnoDB DEFAULT CHARSET=utf8mb4 COLLATE=utf8mb4_uca1400_ai_ci;
/*!40101 SET character_set_client = @saved_cs_client */;

--
-- Dumping data for table `dim_date`
--

SET @OLD_AUTOCOMMIT=@@AUTOCOMMIT, @@AUTOCOMMIT=0;
LOCK TABLES `dim_date` WRITE;
/*!40000 ALTER TABLE `dim_date` DISABLE KEYS */;
INSERT INTO `dim_date` VALUES
('2007-10-10',10,10,2007,4),
('2011-05-16',16,5,2011,2),
('2011-12-20',20,12,2011,4),
('2012-08-21',21,8,2012,3),
('2012-10-18',18,10,2012,4),
('2012-11-12',12,11,2012,4),
('2013-03-25',25,3,2013,1),
('2013-07-09',9,7,2013,3),
('2013-08-15',15,8,2013,3),
('2013-11-08',8,11,2013,4),
('2014-04-04',4,4,2014,2),
('2014-09-02',2,9,2014,3),
('2014-11-04',4,11,2014,4),
('2015-01-12',12,1,2015,1),
('2015-05-29',29,5,2015,2),
('2015-11-05',5,11,2015,4),
('2015-12-01',1,12,2015,4),
('2016-02-02',2,2,2016,1),
('2016-02-26',26,2,2016,1),
('2016-04-21',21,4,2016,2),
('2016-05-09',9,5,2016,2),
('2016-06-06',6,6,2016,2),
('2016-06-14',14,6,2016,2),
('2016-08-12',12,8,2016,3),
('2016-10-27',27,10,2016,4),
('2017-01-23',23,1,2017,1),
('2017-02-01',1,2,2017,1),
('2017-02-16',16,2,2017,1),
('2017-08-27',27,8,2017,3),
('2017-09-29',29,9,2017,3),
('2017-11-15',15,11,2017,4),
('2017-12-21',21,12,2017,4),
('2018-02-08',8,2,2018,1),
('2018-03-18',18,3,2018,1),
('2018-05-08',8,5,2018,2),
('2018-08-07',7,8,2018,3),
('2018-08-08',8,8,2018,3),
('2018-10-17',17,10,2018,4),
('2018-11-16',16,11,2018,4),
('2019-01-24',24,1,2019,1),
('2019-01-25',25,1,2019,1),
('2019-08-27',27,8,2019,3),
('2019-10-01',1,10,2019,4),
('2019-11-05',5,11,2019,4),
('2019-11-14',14,11,2019,4),
('2019-12-05',5,12,2019,4),
('2020-03-24',24,3,2020,1),
('2020-04-14',14,4,2020,2),
('2020-06-03',3,6,2020,2),
('2020-06-18',18,6,2020,2),
('2020-08-11',11,8,2020,3),
('2020-08-14',14,8,2020,3),
('2020-09-01',1,9,2020,3),
('2020-09-17',17,9,2020,3),
('2020-09-18',18,9,2020,3),
('2020-11-04',4,11,2020,4),
('2020-12-09',9,12,2020,4),
('2021-02-02',2,2,2021,1),
('2021-04-28',28,4,2021,2),
('2021-05-17',17,5,2021,2),
('2021-08-11',11,8,2021,3),
('2021-09-29',29,9,2021,3),
('2022-01-12',12,1,2022,1),
('2022-01-18',18,1,2022,1),
('2022-01-20',20,1,2022,1),
('2022-02-16',16,2,2022,1),
('2022-02-24',24,2,2022,1),
('2022-06-20',20,6,2022,2),
('2022-07-19',19,7,2022,3),
('2022-08-23',23,8,2022,3),
('2022-10-18',18,10,2022,4),
('2022-10-25',25,10,2022,4),
('2022-11-30',30,11,2022,4),
('2023-01-12',12,1,2023,1),
('2023-01-19',19,1,2023,1),
('2023-02-26',26,2,2023,1),
('2023-03-23',23,3,2023,1),
('2023-05-09',9,5,2023,2),
('2023-06-01',1,6,2023,2),
('2023-06-28',28,6,2023,2),
('2023-08-03',3,8,2023,3),
('2023-08-10',10,8,2023,3),
('2023-09-05',5,9,2023,3),
('2023-09-25',25,9,2023,3),
('2023-10-17',17,10,2023,4),
('2023-10-24',24,10,2023,4),
('2023-10-25',25,10,2023,4),
('2023-11-16',16,11,2023,4),
('2023-12-05',5,12,2023,4),
('2023-12-07',7,12,2023,4),
('2023-12-13',13,12,2023,4),
('2023-12-14',14,12,2023,4),
('2024-01-24',24,1,2024,1),
('2024-01-31',31,1,2024,1),
('2024-02-08',8,2,2024,1),
('2024-02-22',22,2,2024,1),
('2024-03-05',5,3,2024,1),
('2024-04-10',10,4,2024,2),
('2024-04-22',22,4,2024,2),
('2024-04-26',26,4,2024,2),
('2024-06-20',20,6,2024,2),
('2024-06-30',30,6,2024,2),
('2024-07-09',9,7,2024,3),
('2024-07-25',25,7,2024,3),
('2024-08-19',19,8,2024,3),
('2024-09-09',9,9,2024,3),
('2024-09-10',10,9,2024,3),
('2024-10-07',7,10,2024,4),
('2024-11-06',6,11,2024,4),
('2024-11-12',12,11,2024,4),
('2024-11-19',19,11,2024,4),
('2024-12-04',4,12,2024,4),
('2024-12-05',5,12,2024,4),
('2024-12-06',6,12,2024,4),
('2025-01-30',30,1,2025,1),
('2025-02-04',4,2,2025,1),
('2025-02-10',10,2,2025,1),
('2025-02-26',26,2,2025,1),
('2025-02-27',27,2,2025,1),
('2025-03-04',4,3,2025,1),
('2025-03-06',6,3,2025,1),
('2025-03-24',24,3,2025,1),
('2025-04-15',15,4,2025,2),
('2025-04-24',24,4,2025,2),
('2025-04-28',28,4,2025,2),
('2025-05-14',14,5,2025,2),
('2025-05-23',23,5,2025,2),
('2025-05-29',29,5,2025,2),
('2025-05-30',30,5,2025,2),
('2025-06-04',4,6,2025,2),
('2025-06-16',16,6,2025,2),
('2025-06-17',17,6,2025,2),
('2025-06-19',19,6,2025,2),
('2025-09-04',4,9,2025,3),
('2025-09-09',9,9,2025,3),
('2025-09-11',11,9,2025,3),
('2025-09-15',15,9,2025,3),
('2025-09-25',25,9,2025,3),
('2025-09-30',30,9,2025,3),
('2025-10-10',10,10,2025,4),
('2025-10-21',21,10,2025,4),
('2025-10-22',22,10,2025,4),
('2025-10-23',23,10,2025,4),
('2025-10-28',28,10,2025,4),
('2025-10-30',30,10,2025,4),
('2025-11-12',12,11,2025,4),
('2025-11-14',14,11,2025,4),
('2025-11-15',15,11,2025,4),
('2025-12-02',2,12,2025,4),
('2026-01-16',16,1,2026,1),
('2026-02-26',26,2,2026,1),
('2026-03-05',5,3,2026,1),
('2026-03-16',16,3,2026,1),
('2026-03-19',19,3,2026,1),
('2026-04-14',14,4,2026,2),
('2026-04-28',28,4,2026,2),
('2026-04-30',30,4,2026,2),
('2026-05-01',1,5,2026,2),
('2026-05-14',14,5,2026,2),
('2026-05-18',18,5,2026,2),
('2026-05-22',22,5,2026,2),
('2026-05-25',25,5,2026,2),
('2026-05-26',26,5,2026,2),
('2026-06-05',5,6,2026,2),
('2026-06-08',8,6,2026,2),
('2026-06-09',9,6,2026,2),
('2026-06-10',10,6,2026,2),
('2026-06-16',16,6,2026,2),
('2026-06-22',22,6,2026,2),
('2026-07-06',6,7,2026,3),
('2026-07-07',7,7,2026,3),
('2026-07-08',8,7,2026,3),
('2026-07-09',9,7,2026,3),
('2026-07-15',15,7,2026,3),
('2026-07-16',16,7,2026,3),
('2026-07-20',20,7,2026,3),
('2026-07-21',21,7,2026,3),
('2026-07-23',23,7,2026,3),
('2026-07-28',28,7,2026,3),
('2026-10-22',22,10,2026,4);
/*!40000 ALTER TABLE `dim_date` ENABLE KEYS */;
UNLOCK TABLES;
COMMIT;
SET AUTOCOMMIT=@OLD_AUTOCOMMIT;

--
-- Table structure for table `dim_developer`
--

DROP TABLE IF EXISTS `dim_developer`;
/*!40101 SET @saved_cs_client     = @@character_set_client */;
/*!40101 SET character_set_client = utf8mb4 */;
CREATE TABLE `dim_developer` (
  `dev_id` int(11) NOT NULL AUTO_INCREMENT,
  `dev_name` varchar(255) NOT NULL,
  PRIMARY KEY (`dev_id`)
) ENGINE=InnoDB AUTO_INCREMENT=101 DEFAULT CHARSET=utf8mb4 COLLATE=utf8mb4_uca1400_ai_ci;
/*!40101 SET character_set_client = @saved_cs_client */;

--
-- Dumping data for table `dim_developer`
--

SET @OLD_AUTOCOMMIT=@@AUTOCOMMIT, @@AUTOCOMMIT=0;
LOCK TABLES `dim_developer` WRITE;
/*!40000 ALTER TABLE `dim_developer` DISABLE KEYS */;
INSERT INTO `dim_developer` VALUES
(1,'ACE Team'),
(2,'AdHoc Studio'),
(3,'Altfuture'),
(4,'ArenaNet®'),
(5,'Arrowhead Game Studios'),
(6,'Asobo Studio'),
(7,'Aspyr (Mac)'),
(8,'Battlefield Studios'),
(9,'BeamNG'),
(10,'Behaviour Interactive Inc.'),
(11,'Bethesda Game Studios'),
(12,'Blackbird Interactive'),
(13,'Blizzard Entertainment, Inc.'),
(14,'Bloober Team SA'),
(15,'Bohemia Interactive'),
(16,'Bungie'),
(17,'CAPCOM Co., Ltd.'),
(18,'CD PROJEKT RED'),
(19,'CREATIVE ASSEMBLY'),
(20,'Codemasters'),
(21,'Coffee Stain Studios'),
(22,'ConcernedApe'),
(23,'Crytek'),
(24,'Digital Extremes'),
(25,'Dovetail Games'),
(26,'EA Canada'),
(27,'Eagle Dynamics SA'),
(28,'Endnight Games Ltd'),
(29,'Expansive Worlds'),
(30,'Facepunch Studios'),
(31,'Fatshark'),
(32,'Firaxis Games'),
(33,'Frontier Developments'),
(34,'Frozen District'),
(35,'Funcom'),
(36,'GIANTS Software'),
(37,'Gameloft'),
(38,'Gameplay Group International'),
(39,'Gearbox Software'),
(40,'Halo Studios'),
(41,'Hazelight Studios'),
(42,'Hello Games'),
(43,'IO Interactive A/S'),
(44,'Iceflake Studios'),
(45,'Ironward'),
(46,'Jagex Ltd'),
(47,'KONAMI'),
(48,'Kinetic Games'),
(49,'Klei Entertainment'),
(50,'Larian Studios'),
(51,'Ludeon Studios'),
(52,'MINTROCKET'),
(53,'Maxis'),
(54,'Mega Crit'),
(55,'Miju Games'),
(56,'NEXON Games Co., Ltd.'),
(57,'Nicalis, Inc.'),
(58,'Nixxes Software'),
(59,'PUBG Corporation'),
(60,'Paradox Development Studio'),
(61,'Pearl Abyss'),
(62,'Playground Games'),
(63,'Pocketpair'),
(64,'Questline'),
(65,'Rare Ltd'),
(66,'Re-Logic'),
(67,'Red Barrels'),
(68,'Respawn'),
(69,'Rockstar Games'),
(70,'Rockstar North'),
(71,'SCS Software'),
(72,'Saber Interactive'),
(73,'Slavic Magic'),
(74,'Sloclap'),
(75,'Studio Wildcard'),
(76,'Supergiant Games'),
(77,'TEAM GWYF'),
(78,'THIS GAME IS PART OF A SALE EVENT'),
(79,'TT Games'),
(80,'TaleWorlds Entertainment'),
(81,'Team17'),
(82,'The Fun Pimps'),
(83,'Tiburon'),
(84,'Ubisoft'),
(85,'Ubisoft Montreal'),
(86,'Undercoders'),
(87,'Unfrozen'),
(88,'Unknown'),
(89,'Unknown Worlds Entertainment'),
(90,'VRChat Inc.'),
(91,'Valve'),
(92,'Visual Concepts'),
(93,'Wargaming Group Limited'),
(94,'Warhorse Studios'),
(95,'World\'s Edge'),
(96,'XD'),
(97,'ZeniMax Online Studios'),
(98,'lemorion_1224'),
(99,'threeW'),
(100,'tobyfox');
/*!40000 ALTER TABLE `dim_developer` ENABLE KEYS */;
UNLOCK TABLES;
COMMIT;
SET AUTOCOMMIT=@OLD_AUTOCOMMIT;

--
-- Table structure for table `dim_game`
--

DROP TABLE IF EXISTS `dim_game`;
/*!40101 SET @saved_cs_client     = @@character_set_client */;
/*!40101 SET character_set_client = utf8mb4 */;
CREATE TABLE `dim_game` (
  `game_id` int(11) NOT NULL AUTO_INCREMENT,
  `title` varchar(255) NOT NULL,
  `game_url` varchar(255) NOT NULL,
  `is_Free` tinyint(1) NOT NULL,
  PRIMARY KEY (`game_id`)
) ENGINE=InnoDB AUTO_INCREMENT=4704691 DEFAULT CHARSET=utf8mb4 COLLATE=utf8mb4_uca1400_ai_ci;
/*!40101 SET character_set_client = @saved_cs_client */;

--
-- Dumping data for table `dim_game`
--

SET @OLD_AUTOCOMMIT=@@AUTOCOMMIT, @@AUTOCOMMIT=0;
LOCK TABLES `dim_game` WRITE;
/*!40000 ALTER TABLE `dim_game` DISABLE KEYS */;
INSERT INTO `dim_game` VALUES
(440,'Team Fortress 2','https://store.steampowered.com/app/440',1),
(570,'Dota 2','https://store.steampowered.com/app/570',1),
(730,'Counter-Strike 2','https://store.steampowered.com/app/730',1),
(12210,'Grand Theft Auto IV: The Complete Edition','https://store.steampowered.com/app/12210',1),
(105600,'Terraria','https://store.steampowered.com/app/105600',0),
(108600,'Project Zomboid','https://store.steampowered.com/app/108600',0),
(202970,'Call of Duty®: Black Ops II','https://store.steampowered.com/app/202970',0),
(223750,'DCS World Steam Edition','https://store.steampowered.com/app/223750',1),
(227300,'Euro Truck Simulator 2','https://store.steampowered.com/app/227300',0),
(230410,'Warframe','https://store.steampowered.com/app/230410',1),
(236390,'War Thunder','https://store.steampowered.com/app/236390',1),
(250900,'The Binding of Isaac: Rebirth','https://store.steampowered.com/app/250900',0),
(251570,'7 Days to Die','https://store.steampowered.com/app/251570',0),
(252490,'Rust','https://store.steampowered.com/app/252490',0),
(261550,'Mount & Blade II: Bannerlord','https://store.steampowered.com/app/261550',0),
(266410,'iRacing','https://store.steampowered.com/app/266410',1),
(268910,'Cuphead','https://store.steampowered.com/app/268910',0),
(270880,'American Truck Simulator','https://store.steampowered.com/app/270880',0),
(275850,'No Man\'s Sky','https://store.steampowered.com/app/275850',1),
(281990,'Stellaris','https://store.steampowered.com/app/281990',0),
(284160,'BeamNG.drive','https://store.steampowered.com/app/284160',0),
(294100,'RimWorld','https://store.steampowered.com/app/294100',0),
(306130,'The Elder Scrolls® Online','https://store.steampowered.com/app/306130',0),
(311210,'Call of Duty®: Black Ops III','https://store.steampowered.com/app/311210',0),
(322330,'Don\'t Starve Together','https://store.steampowered.com/app/322330',0),
(346110,'ARK: Survival Evolved','https://store.steampowered.com/app/346110',0),
(359550,'Tom Clancy\'s Rainbow Six Siege','https://store.steampowered.com/app/359550',1),
(376210,'The Isle','https://store.steampowered.com/app/376210',0),
(381210,'Dead by Daylight','https://store.steampowered.com/app/381210',0),
(394360,'Hearts of Iron IV','https://store.steampowered.com/app/394360',0),
(413150,'Stardew Valley','https://store.steampowered.com/app/413150',0),
(418370,'Resident Evil 7 Biohazard','https://store.steampowered.com/app/418370',0),
(427520,'Factorio','https://store.steampowered.com/app/427520',1),
(431960,'Wallpaper Engine','https://store.steampowered.com/app/431960',0),
(438100,'VRChat','https://store.steampowered.com/app/438100',1),
(440900,'Conan Exiles Enhanced','https://store.steampowered.com/app/440900',0),
(454650,'DRAGON BALL XENOVERSE 2','https://store.steampowered.com/app/454650',0),
(489830,'The Elder Scrolls V: Skyrim Special Edition','https://store.steampowered.com/app/489830',0),
(513710,'SCUM','https://store.steampowered.com/app/513710',0),
(518790,'theHunter: Call of the Wild™','https://store.steampowered.com/app/518790',0),
(526870,'Satisfactory','https://store.steampowered.com/app/526870',0),
(529340,'Victoria 3','https://store.steampowered.com/app/529340',0),
(552990,'World of Warships','https://store.steampowered.com/app/552990',1),
(553850,'HELLDIVERS™ 2','https://store.steampowered.com/app/553850',0),
(578080,'PUBG: BATTLEGROUNDS','https://store.steampowered.com/app/578080',1),
(582010,'Monster Hunter: World','https://store.steampowered.com/app/582010',0),
(582660,'Black Desert','https://store.steampowered.com/app/582660',0),
(588030,'Derail Valley','https://store.steampowered.com/app/588030',0),
(594650,'Hunt: Showdown 1896','https://store.steampowered.com/app/594650',0),
(632360,'Risk of Rain 2','https://store.steampowered.com/app/632360',0),
(648800,'Raft','https://store.steampowered.com/app/648800',0),
(703080,'Planet Zoo','https://store.steampowered.com/app/703080',0),
(728880,'Overcooked! 2','https://store.steampowered.com/app/728880',0),
(739630,'Phasmophobia','https://store.steampowered.com/app/739630',1),
(753640,'Outer Wilds','https://store.steampowered.com/app/753640',0),
(813780,'Age of Empires II: Definitive Edition','https://store.steampowered.com/app/813780',0),
(881020,'Granblue Fantasy: Relink','https://store.steampowered.com/app/881020',0),
(883710,'Resident Evil 2','https://store.steampowered.com/app/883710',0),
(892970,'Valheim','https://store.steampowered.com/app/892970',0),
(934700,'Dead Island 2','https://store.steampowered.com/app/934700',0),
(949230,'Cities: Skylines II','https://store.steampowered.com/app/949230',0),
(1085660,'Destiny 2','https://store.steampowered.com/app/1085660',1),
(1086940,'Baldur\'s Gate 3','https://store.steampowered.com/app/1086940',0),
(1091500,'Cyberpunk 2077','https://store.steampowered.com/app/1091500',0),
(1118520,'Paralives','https://store.steampowered.com/app/1118520',0),
(1142710,'Total War: WARHAMMER III','https://store.steampowered.com/app/1142710',0),
(1144200,'Ready or Not','https://store.steampowered.com/app/1144200',0),
(1145350,'Hades II','https://store.steampowered.com/app/1145350',0),
(1145360,'Hades','https://store.steampowered.com/app/1145360',0),
(1151340,'Fallout 76','https://store.steampowered.com/app/1151340',0),
(1158310,'Crusader Kings III','https://store.steampowered.com/app/1158310',0),
(1172470,'Apex Legends™','https://store.steampowered.com/app/1172470',1),
(1172620,'Sea of Thieves: 2026 Edition','https://store.steampowered.com/app/1172620',0),
(1174180,'Red Dead Redemption 2','https://store.steampowered.com/app/1174180',1),
(1190970,'House Flipper 2','https://store.steampowered.com/app/1190970',0),
(1203220,'NARAKA: BLADEPOINT','https://store.steampowered.com/app/1203220',1),
(1203620,'Enshrouded','https://store.steampowered.com/app/1203620',0),
(1222670,'The Sims™ 4','https://store.steampowered.com/app/1222670',1),
(1245620,'ELDEN RING','https://store.steampowered.com/app/1245620',0),
(1284190,'The Planet Crafter','https://store.steampowered.com/app/1284190',0),
(1284210,'Guild Wars 2®','https://store.steampowered.com/app/1284210',1),
(1285190,'Borderlands 4','https://store.steampowered.com/app/1285190',0),
(1286830,'STAR WARS™: The Old Republic™','https://store.steampowered.com/app/1286830',1),
(1295660,'Sid Meier\'s Civilization VII','https://store.steampowered.com/app/1295660',0),
(1297900,'Gothic 1 Remake','https://store.steampowered.com/app/1297900',0),
(1304930,'The Outlast Trials','https://store.steampowered.com/app/1304930',0),
(1326470,'Sons Of The Forest','https://store.steampowered.com/app/1326470',0),
(1332010,'Stray','https://store.steampowered.com/app/1332010',0),
(1361210,'Warhammer 40,000: Darktide','https://store.steampowered.com/app/1361210',0),
(1363080,'Manor Lords','https://store.steampowered.com/app/1363080',1),
(1364780,'Street Fighter™ 6','https://store.steampowered.com/app/1364780',0),
(1374490,'RuneScape: Dragonwilds','https://store.steampowered.com/app/1374490',0),
(1401590,'Disney Dreamlight Valley','https://store.steampowered.com/app/1401590',0),
(1407200,'World of Tanks','https://store.steampowered.com/app/1407200',1),
(1431300,'SAND: Raiders of Sophie','https://store.steampowered.com/app/1431300',0),
(1446780,'MONSTER HUNTER RISE','https://store.steampowered.com/app/1446780',1),
(1449850,'Yu-Gi-Oh! Master Duel','https://store.steampowered.com/app/1449850',1),
(1465360,'SnowRunner','https://store.steampowered.com/app/1465360',0),
(1466060,'Tainted Grail: The Fall of Avalon','https://store.steampowered.com/app/1466060',0),
(1547000,'Grand Theft Auto: San Andreas – The Definitive Edition','https://store.steampowered.com/app/1547000',0),
(1605850,'ZeroSpace','https://store.steampowered.com/app/1605850',1),
(1623730,'Palworld','https://store.steampowered.com/app/1623730',0),
(1659040,'HITMAN World of Assassination','https://store.steampowered.com/app/1659040',0),
(1665460,'eFootball™','https://store.steampowered.com/app/1665460',1),
(1671210,'DELTARUNE','https://store.steampowered.com/app/1671210',0),
(1675200,'Steam Deck','https://store.steampowered.com/app/1675200',1),
(1771300,'Kingdom Come: Deliverance II','https://store.steampowered.com/app/1771300',0),
(1805110,'Solarpunk™','https://store.steampowered.com/app/1805110',0),
(1808500,'ARC Raiders','https://store.steampowered.com/app/1808500',0),
(1868140,'DAVE THE DIVER','https://store.steampowered.com/app/1868140',0),
(1874880,'Arma Reforger','https://store.steampowered.com/app/1874880',0),
(1903340,'Clair Obscur: Expedition 33','https://store.steampowered.com/app/1903340',0),
(1943950,'Escape the Backrooms','https://store.steampowered.com/app/1943950',0),
(1962700,'Subnautica 2','https://store.steampowered.com/app/1962700',0),
(1973530,'Limbus Company','https://store.steampowered.com/app/1973530',1),
(1974050,'Torchlight: Infinite','https://store.steampowered.com/app/1974050',1),
(2001120,'Split Fiction','https://store.steampowered.com/app/2001120',0),
(2050650,'Resident Evil 4','https://store.steampowered.com/app/2050650',0),
(2072560,'DRAGON BALL GEKISHIN SQUADRA','https://store.steampowered.com/app/2072560',1),
(2073620,'Arena Breakout: Infinite','https://store.steampowered.com/app/2073620',1),
(2073850,'THE FINALS','https://store.steampowered.com/app/2073850',1),
(2074920,'The First Descendant','https://store.steampowered.com/app/2074920',1),
(2124490,'SILENT HILL 2','https://store.steampowered.com/app/2124490',0),
(2138330,'Cyberpunk 2077: Phantom Liberty','https://store.steampowered.com/app/2138330',0),
(2138720,'REMATCH','https://store.steampowered.com/app/2138720',0),
(2139460,'Once Human','https://store.steampowered.com/app/2139460',1),
(2141730,'Backrooms: Escape Together','https://store.steampowered.com/app/2141730',0),
(2183900,'Warhammer 40,000: Space Marine 2','https://store.steampowered.com/app/2183900',0),
(2186680,'Warhammer 40,000: Rogue Trader','https://store.steampowered.com/app/2186680',0),
(2209900,'Moonlight Peaks','https://store.steampowered.com/app/2209900',0),
(2215200,'LEGO® Batman™: Legacy of the Dark Knight','https://store.steampowered.com/app/2215200',0),
(2221490,'Tom Clancy’s The Division® 2','https://store.steampowered.com/app/2221490',0),
(2244210,'Echoes of Aincrad','https://store.steampowered.com/app/2244210',0),
(2246340,'Monster Hunter Wilds','https://store.steampowered.com/app/2246340',0),
(2300320,'Farming Simulator 25','https://store.steampowered.com/app/2300320',0),
(2344520,'Diablo® IV','https://store.steampowered.com/app/2344520',0),
(2357570,'Overwatch®','https://store.steampowered.com/app/2357570',1),
(2358720,'Black Myth: Wukong','https://store.steampowered.com/app/2358720',0),
(2399830,'ARK: Survival Ascended','https://store.steampowered.com/app/2399830',0),
(2424420,'Avatar Legends: The Fighting Game','https://store.steampowered.com/app/2424420',0),
(2483190,'Forza Horizon 6','https://store.steampowered.com/app/2483190',0),
(2507950,'Delta Force','https://store.steampowered.com/app/2507950',1),
(2524850,'Denshattack!','https://store.steampowered.com/app/2524850',0),
(2537590,'Microsoft Flight Simulator 2024','https://store.steampowered.com/app/2537590',0),
(2569760,'The Mound: Omen of Cthulhu','https://store.steampowered.com/app/2569760',0),
(2592160,'Dispatch','https://store.steampowered.com/app/2592160',0),
(2622380,'ELDEN RING NIGHTREIGN','https://store.steampowered.com/app/2622380',0),
(2651280,'Marvel\'s Spider-Man 2','https://store.steampowered.com/app/2651280',0),
(2688950,'Planet Coaster 2','https://store.steampowered.com/app/2688950',0),
(2694490,'Path of Exile 2','https://store.steampowered.com/app/2694490',0),
(2767030,'Marvel Rivals','https://store.steampowered.com/app/2767030',1),
(2778580,'ELDEN RING Shadow of the Erdtree','https://store.steampowered.com/app/2778580',0),
(2806050,'Halo: Campaign Evolved','https://store.steampowered.com/app/2806050',0),
(2807960,'Battlefield™ 6','https://store.steampowered.com/app/2807960',0),
(2868840,'Slay the Spire 2','https://store.steampowered.com/app/2868840',0),
(2958130,'Jurassic World Evolution 3','https://store.steampowered.com/app/2958130',0),
(2968420,'PowerWash Simulator 2','https://store.steampowered.com/app/2968420',0),
(3017860,'DOOM: The Dark Ages','https://store.steampowered.com/app/3017860',0),
(3028330,'Battlefield™ REDSEC','https://store.steampowered.com/app/3028330',1),
(3041230,'Windrose','https://store.steampowered.com/app/3041230',0),
(3059520,'F1® 25','https://store.steampowered.com/app/3059520',0),
(3065800,'Marathon','https://store.steampowered.com/app/3065800',0),
(3105440,'Heroes of Might and Magic: Olden Era','https://store.steampowered.com/app/3105440',0),
(3124540,'Far Far West','https://store.steampowered.com/app/3124540',0),
(3164500,'Schedule I','https://store.steampowered.com/app/3164500',0),
(3186540,'Destiny 2: Renegades','https://store.steampowered.com/app/3186540',1),
(3240220,'Grand Theft Auto V Enhanced','https://store.steampowered.com/app/3240220',0),
(3241660,'R.E.P.O.','https://store.steampowered.com/app/3241660',0),
(3274580,'Anno 117: Pax Romana','https://store.steampowered.com/app/3274580',0),
(3321460,'Crimson Desert','https://store.steampowered.com/app/3321460',0),
(3405690,'EA SPORTS FC™ 26','https://store.steampowered.com/app/3405690',0),
(3472040,'NBA 2K26','https://store.steampowered.com/app/3472040',0),
(3513350,'Wuthering Waves','https://store.steampowered.com/app/3513350',1),
(3527290,'PEAK','https://store.steampowered.com/app/3527290',0),
(3564740,'Where Winds Meet','https://store.steampowered.com/app/3564740',1),
(3656800,'Train Sim World® 6','https://store.steampowered.com/app/3656800',0),
(3679080,'The Seven Deadly Sins: Origin','https://store.steampowered.com/app/3679080',1),
(3712080,'Funnel Runners','https://store.steampowered.com/app/3712080',1),
(3751950,'Assassin\'s Creed Black Flag Resynced','https://store.steampowered.com/app/3751950',0),
(3764200,'Resident Evil Requiem','https://store.steampowered.com/app/3764200',0),
(3767850,'SpiritVale','https://store.steampowered.com/app/3767850',0),
(3768760,'007 First Light','https://store.steampowered.com/app/3768760',0),
(3808690,'Pathogenic','https://store.steampowered.com/app/3808690',0),
(3839790,'Granblue Fantasy: Relink - Endless Ragnarok Upgrade Kit (Standard Edition)','https://store.steampowered.com/app/3839790',0),
(3844970,'Burglin\' Gnomes','https://store.steampowered.com/app/3844970',1),
(3892270,'Gamble With Your Friends','https://store.steampowered.com/app/3892270',0),
(3932890,'Escape from Tarkov','https://store.steampowered.com/app/3932890',0),
(3949040,'RV There Yet?','https://store.steampowered.com/app/3949040',0),
(4025700,'Heartopia','https://store.steampowered.com/app/4025700',1),
(4032350,'EA SPORTS™ College Football 27','https://store.steampowered.com/app/4032350',0),
(4162040,'Zenless Zone Zero','https://store.steampowered.com/app/4162040',1),
(4165870,'Steam Controller','https://store.steampowered.com/app/4165870',1),
(4165910,'Steam Machine','https://store.steampowered.com/app/4165910',1),
(4197610,'Librarian: Tidy Up the Arcane Library!','https://store.steampowered.com/app/4197610',0),
(4210580,'Ore Factory Squad ⛏️','https://store.steampowered.com/app/4210580',1),
(4380490,'Cat Mail Co.','https://store.steampowered.com/app/4380490',0),
(4435490,'Call of Duty®: Modern Warfare® 4','https://store.steampowered.com/app/4435490',0),
(4508340,'NTE: Neverness to Everness','https://store.steampowered.com/app/4508340',1),
(4600470,'Season 4 Battlefield Pro - Battlefield™ 6 and REDSEC','https://store.steampowered.com/app/4600470',0),
(4704690,'MECCHA CHAMELEON','https://store.steampowered.com/app/4704690',0);
/*!40000 ALTER TABLE `dim_game` ENABLE KEYS */;
UNLOCK TABLES;
COMMIT;
SET AUTOCOMMIT=@OLD_AUTOCOMMIT;

--
-- Table structure for table `dim_gamegenre`
--

DROP TABLE IF EXISTS `dim_gamegenre`;
/*!40101 SET @saved_cs_client     = @@character_set_client */;
/*!40101 SET character_set_client = utf8mb4 */;
CREATE TABLE `dim_gamegenre` (
  `game_id` int(11) NOT NULL,
  `genre_id` int(11) NOT NULL,
  PRIMARY KEY (`game_id`,`genre_id`),
  KEY `genre_id` (`genre_id`),
  CONSTRAINT `dim_gamegenre_ibfk_1` FOREIGN KEY (`game_id`) REFERENCES `fact_game` (`game_id`),
  CONSTRAINT `dim_gamegenre_ibfk_2` FOREIGN KEY (`genre_id`) REFERENCES `dim_genre` (`genre_id`)
) ENGINE=InnoDB DEFAULT CHARSET=utf8mb4 COLLATE=utf8mb4_uca1400_ai_ci;
/*!40101 SET character_set_client = @saved_cs_client */;

--
-- Dumping data for table `dim_gamegenre`
--

SET @OLD_AUTOCOMMIT=@@AUTOCOMMIT, @@AUTOCOMMIT=0;
LOCK TABLES `dim_gamegenre` WRITE;
/*!40000 ALTER TABLE `dim_gamegenre` DISABLE KEYS */;
INSERT INTO `dim_gamegenre` VALUES
(440,1),
(570,1),
(730,1),
(12210,1),
(105600,1),
(202970,1),
(230410,1),
(236390,1),
(250900,1),
(251570,1),
(252490,1),
(261550,1),
(268910,1),
(275850,1),
(306130,1),
(311210,1),
(322330,1),
(346110,1),
(359550,1),
(376210,1),
(381210,1),
(418370,1),
(440900,1),
(454650,1),
(513710,1),
(552990,1),
(553850,1),
(578080,1),
(582010,1),
(582660,1),
(594650,1),
(632360,1),
(728880,1),
(739630,1),
(753640,1),
(881020,1),
(883710,1),
(892970,1),
(934700,1),
(1085660,1),
(1142710,1),
(1144200,1),
(1145350,1),
(1145360,1),
(1172470,1),
(1172620,1),
(1174180,1),
(1203220,1),
(1203620,1),
(1245620,1),
(1285190,1),
(1297900,1),
(1304930,1),
(1326470,1),
(1361210,1),
(1364780,1),
(1374490,1),
(1401590,1),
(1407200,1),
(1431300,1),
(1446780,1),
(1466060,1),
(1547000,1),
(1605850,1),
(1623730,1),
(1659040,1),
(1771300,1),
(1808500,1),
(1874880,1),
(1903340,1),
(1943950,1),
(1962700,1),
(1974050,1),
(2001120,1),
(2050650,1),
(2072560,1),
(2073620,1),
(2073850,1),
(2074920,1),
(2124490,1),
(2138720,1),
(2139460,1),
(2141730,1),
(2183900,1),
(2186680,1),
(2215200,1),
(2221490,1),
(2244210,1),
(2246340,1),
(2344520,1),
(2357570,1),
(2358720,1),
(2399830,1),
(2424420,1),
(2507950,1),
(2524850,1),
(2569760,1),
(2592160,1),
(2622380,1),
(2651280,1),
(2694490,1),
(2767030,1),
(2778580,1),
(2806050,1),
(2807960,1),
(3017860,1),
(3028330,1),
(3041230,1),
(3065800,1),
(3124540,1),
(3164500,1),
(3186540,1),
(3240220,1),
(3241660,1),
(3321460,1),
(3513350,1),
(3527290,1),
(3564740,1),
(3679080,1),
(3712080,1),
(3751950,1),
(3764200,1),
(3767850,1),
(3768760,1),
(3808690,1),
(3839790,1),
(3844970,1),
(3932890,1),
(3949040,1),
(4162040,1),
(4435490,1),
(4508340,1),
(4600470,1),
(12210,2),
(202970,2),
(250900,2),
(251570,2),
(252490,2),
(261550,2),
(268910,2),
(275850,2),
(311210,2),
(346110,2),
(376210,2),
(381210,2),
(454650,2),
(513710,2),
(553850,2),
(582010,2),
(594650,2),
(632360,2),
(881020,2),
(883710,2),
(892970,2),
(934700,2),
(1085660,2),
(1144200,2),
(1145350,2),
(1145360,2),
(1172470,2),
(1203220,2),
(1245620,2),
(1285190,2),
(1304930,2),
(1326470,2),
(1361210,2),
(1364780,2),
(1407200,2),
(1431300,2),
(1446780,2),
(1547000,2),
(1623730,2),
(1659040,2),
(1808500,2),
(1874880,2),
(2050650,2),
(2072560,2),
(2074920,2),
(2138720,2),
(2183900,2),
(2221490,2),
(2244210,2),
(2246340,2),
(2358720,2),
(2399830,2),
(2424420,2),
(2569760,2),
(2622380,2),
(2651280,2),
(2694490,2),
(2778580,2),
(2806050,2),
(2807960,2),
(3017860,2),
(3065800,2),
(3124540,2),
(3164500,2),
(3186540,2),
(3240220,2),
(3241660,2),
(3712080,2),
(3751950,2),
(3764200,2),
(3768760,2),
(3808690,2),
(3839790,2),
(3844970,2),
(3932890,2),
(4435490,2),
(4600470,2),
(12210,3),
(105600,3),
(251570,3),
(252490,3),
(275850,3),
(306130,3),
(311210,3),
(322330,3),
(346110,3),
(376210,3),
(418370,3),
(438100,3),
(440900,3),
(454650,3),
(513710,3),
(518790,3),
(526870,3),
(578080,3),
(582660,3),
(588030,3),
(648800,3),
(753640,3),
(881020,3),
(892970,3),
(934700,3),
(1085660,3),
(1086940,3),
(1144200,3),
(1172470,3),
(1172620,3),
(1174180,3),
(1203220,3),
(1203620,3),
(1222670,3),
(1284190,3),
(1284210,3),
(1285190,3),
(1304930,3),
(1326470,3),
(1332010,3),
(1361210,3),
(1364780,3),
(1374490,3),
(1401590,3),
(1431300,3),
(1465360,3),
(1466060,3),
(1547000,3),
(1623730,3),
(1659040,3),
(1771300,3),
(1805110,3),
(1868140,3),
(1962700,3),
(1974050,3),
(2001120,3),
(2050650,3),
(2073620,3),
(2074920,3),
(2124490,3),
(2139460,3),
(2141730,3),
(2183900,3),
(2186680,3),
(2215200,3),
(2221490,3),
(2246340,3),
(2344520,3),
(2358720,3),
(2399830,3),
(2507950,3),
(2524850,3),
(2569760,3),
(2592160,3),
(2651280,3),
(2694490,3),
(2806050,3),
(3041230,3),
(3124540,3),
(3186540,3),
(3240220,3),
(3321460,3),
(3513350,3),
(3527290,3),
(3564740,3),
(3679080,3),
(3751950,3),
(3764200,3),
(3768760,3),
(3839790,3),
(3844970,3),
(3892270,3),
(3949040,3),
(4162040,3),
(4508340,3),
(322330,4),
(418370,4),
(518790,4),
(648800,4),
(753640,4),
(1172620,4),
(1174180,4),
(1284190,4),
(1332010,4),
(1374490,4),
(1805110,4),
(1868140,4),
(2001120,4),
(2124490,4),
(2215200,4),
(2524850,4),
(2592160,4),
(3041230,4),
(3321460,4),
(3949040,4),
(431960,5),
(427520,6),
(431960,6),
(438100,6),
(454650,6),
(703080,6),
(728880,6),
(1190970,6),
(1222670,6),
(1401590,6),
(1868140,6),
(2141730,6),
(2209900,6),
(2344520,6),
(2592160,6),
(2968420,6),
(4025700,6),
(4197610,6),
(4704690,6),
(4704690,7),
(431960,8),
(108600,9),
(284160,9),
(588030,9),
(739630,9),
(1118520,9),
(1363080,9),
(1374490,9),
(1431300,9),
(1962700,9),
(2868840,9),
(3041230,9),
(3105440,9),
(3124540,9),
(3241660,9),
(3712080,9),
(108600,10),
(1203620,10),
(1962700,10),
(440,11),
(570,11),
(730,11),
(223750,11),
(230410,11),
(236390,11),
(359550,11),
(578080,11),
(1085660,11),
(1172470,11),
(1203220,11),
(1222670,11),
(1284210,11),
(1286830,11),
(1407200,11),
(1449850,11),
(1665460,11),
(1973530,11),
(1974050,11),
(2072560,11),
(2073850,11),
(2074920,11),
(2357570,11),
(2507950,11),
(2767030,11),
(3028330,11),
(3186540,11),
(3513350,11),
(3564740,11),
(4025700,11),
(4162040,11),
(4508340,11),
(440,12),
(570,12),
(730,12),
(230410,12),
(359550,12),
(578080,12),
(1222670,12),
(1284210,12),
(1449850,12),
(1973530,12),
(1974050,12),
(2073620,12),
(2073850,12),
(2139460,12),
(2357570,12),
(2507950,12),
(2767030,12),
(3028330,12),
(3513350,12),
(3679080,12),
(4025700,12),
(4162040,12),
(4508340,12),
(105600,13),
(108600,13),
(227300,13),
(251570,13),
(252490,13),
(261550,13),
(268910,13),
(270880,13),
(294100,13),
(322330,13),
(346110,13),
(376210,13),
(413150,13),
(427520,13),
(431960,13),
(513710,13),
(526870,13),
(588030,13),
(632360,13),
(648800,13),
(728880,13),
(739630,13),
(892970,13),
(1144200,13),
(1145350,13),
(1145360,13),
(1190970,13),
(1203620,13),
(1304930,13),
(1326470,13),
(1332010,13),
(1466060,13),
(1605850,13),
(1623730,13),
(1671210,13),
(1805110,13),
(1943950,13),
(2138720,13),
(2141730,13),
(2186680,13),
(2209900,13),
(2399830,13),
(2592160,13),
(2868840,13),
(2968420,13),
(3124540,13),
(3164500,13),
(3527290,13),
(3712080,13),
(3767850,13),
(3808690,13),
(3892270,13),
(3949040,13),
(4197610,13),
(4210580,13),
(4380490,13),
(105600,14),
(413150,14),
(728880,14),
(739630,14),
(1943950,14),
(2141730,14),
(3527290,14),
(236390,15),
(252490,15),
(266410,15),
(306130,15),
(346110,15),
(376210,15),
(438100,15),
(440900,15),
(454650,15),
(513710,15),
(552990,15),
(578080,15),
(582660,15),
(1203220,15),
(1284210,15),
(1286830,15),
(1407200,15),
(1605850,15),
(2073620,15),
(2344520,15),
(2399830,15),
(2507950,15),
(2694490,15),
(3679080,15),
(3767850,15),
(3932890,15),
(236390,16),
(306130,16),
(438100,16),
(552990,16),
(582660,16),
(1286830,16),
(3767850,16),
(105600,17),
(108600,17),
(230410,17),
(251570,17),
(261550,17),
(306130,17),
(322330,17),
(413150,17),
(440900,17),
(489830,17),
(582660,17),
(881020,17),
(892970,17),
(1086940,17),
(1091500,17),
(1145350,17),
(1145360,17),
(1151340,17),
(1158310,17),
(1203620,17),
(1245620,17),
(1284210,17),
(1285190,17),
(1286830,17),
(1297900,17),
(1361210,17),
(1374490,17),
(1401590,17),
(1466060,17),
(1605850,17),
(1623730,17),
(1671210,17),
(1771300,17),
(1868140,17),
(1903340,17),
(1974050,17),
(2073620,17),
(2074920,17),
(2138330,17),
(2139460,17),
(2183900,17),
(2186680,17),
(2209900,17),
(2221490,17),
(2244210,17),
(2246340,17),
(2358720,17),
(2622380,17),
(2694490,17),
(2778580,17),
(3041230,17),
(3105440,17),
(3513350,17),
(3564740,17),
(3679080,17),
(3767850,17),
(3808690,17),
(3839790,17),
(3932890,17),
(4162040,17),
(4508340,17),
(440900,18),
(489830,18),
(1086940,18),
(1091500,18),
(1151340,18),
(1297900,18),
(1466060,18),
(1671210,18),
(1771300,18),
(1903340,18),
(2138330,18),
(2186680,18),
(2344520,18),
(3564740,18),
(266410,19),
(284160,19),
(2483190,19),
(3059520,19),
(3240220,19),
(266410,20),
(2483190,20),
(3059520,20),
(108600,21),
(223750,21),
(227300,21),
(236390,21),
(261550,21),
(266410,21),
(270880,21),
(281990,21),
(284160,21),
(294100,21),
(394360,21),
(413150,21),
(427520,21),
(438100,21),
(518790,21),
(526870,21),
(529340,21),
(552990,21),
(588030,21),
(648800,21),
(703080,21),
(949230,21),
(1118520,21),
(1158310,21),
(1190970,21),
(1222670,21),
(1295660,21),
(1326470,21),
(1363080,21),
(1407200,21),
(1449850,21),
(1465360,21),
(1665460,21),
(1805110,21),
(1868140,21),
(1874880,21),
(2139460,21),
(2209900,21),
(2300320,21),
(2483190,21),
(2537590,21),
(2688950,21),
(2958130,21),
(2968420,21),
(3164500,21),
(3274580,21),
(3405690,21),
(3656800,21),
(3712080,21),
(3808690,21),
(3892270,21),
(3932890,21),
(4025700,21),
(4032350,21),
(4197610,21),
(4210580,21),
(4380490,21),
(223750,22),
(227300,22),
(270880,22),
(284160,22),
(294100,22),
(427520,22),
(588030,22),
(703080,22),
(949230,22),
(1118520,22),
(1190970,22),
(1401590,22),
(1465360,22),
(2209900,22),
(2300320,22),
(2537590,22),
(2688950,22),
(2958130,22),
(2968420,22),
(3656800,22),
(3892270,22),
(4197610,22),
(4210580,22),
(4380490,22),
(266410,23),
(518790,23),
(1665460,23),
(2138720,23),
(2483190,23),
(3059520,23),
(3405690,23),
(3472040,23),
(4032350,23),
(1665460,24),
(3405690,24),
(3472040,24),
(4032350,24),
(570,25),
(281990,25),
(294100,25),
(394360,25),
(427520,25),
(526870,25),
(529340,25),
(552990,25),
(703080,25),
(813780,25),
(1086940,25),
(1142710,25),
(1158310,25),
(1295660,25),
(1363080,25),
(1449850,25),
(1874880,25),
(2688950,25),
(2868840,25),
(2958130,25),
(3105440,25),
(3164500,25),
(3274580,25),
(281990,26),
(394360,26),
(526870,26),
(529340,26),
(813780,26),
(1142710,26),
(1158310,26),
(1295660,26),
(1363080,26),
(1605850,26),
(2868840,26),
(3105440,26),
(3274580,26),
(431960,27);
/*!40000 ALTER TABLE `dim_gamegenre` ENABLE KEYS */;
UNLOCK TABLES;
COMMIT;
SET AUTOCOMMIT=@OLD_AUTOCOMMIT;

--
-- Table structure for table `dim_gametag`
--

DROP TABLE IF EXISTS `dim_gametag`;
/*!40101 SET @saved_cs_client     = @@character_set_client */;
/*!40101 SET character_set_client = utf8mb4 */;
CREATE TABLE `dim_gametag` (
  `game_id` int(11) NOT NULL,
  `tag_id` int(11) NOT NULL,
  PRIMARY KEY (`game_id`,`tag_id`),
  KEY `tag_id` (`tag_id`),
  CONSTRAINT `dim_gametag_ibfk_1` FOREIGN KEY (`game_id`) REFERENCES `fact_game` (`game_id`),
  CONSTRAINT `dim_gametag_ibfk_2` FOREIGN KEY (`tag_id`) REFERENCES `dim_tag` (`tag_id`)
) ENGINE=InnoDB DEFAULT CHARSET=utf8mb4 COLLATE=utf8mb4_uca1400_ai_ci;
/*!40101 SET character_set_client = @saved_cs_client */;

--
-- Dumping data for table `dim_gametag`
--

SET @OLD_AUTOCOMMIT=@@AUTOCOMMIT, @@AUTOCOMMIT=0;
LOCK TABLES `dim_gametag` WRITE;
/*!40000 ALTER TABLE `dim_gametag` DISABLE KEYS */;
INSERT INTO `dim_gametag` VALUES
(105600,1),
(268910,1),
(1671210,1),
(1364780,2),
(2424420,2),
(1284210,3),
(2244210,3),
(2300320,3),
(2688950,3),
(3241660,3),
(3472040,3),
(3513350,3),
(3527290,3),
(3768760,3),
(3892270,3),
(4197610,3),
(2001120,4),
(2215200,4),
(2524850,4),
(728880,5),
(281990,6),
(1295660,6),
(3105440,6),
(440,7),
(570,7),
(730,7),
(12210,7),
(202970,7),
(230410,7),
(236390,7),
(261550,7),
(306130,7),
(311210,7),
(359550,7),
(418370,7),
(431960,7),
(454650,7),
(513710,7),
(553850,7),
(578080,7),
(582010,7),
(632360,7),
(881020,7),
(883710,7),
(1142710,7),
(1144200,7),
(1145350,7),
(1145360,7),
(1172470,7),
(1172620,7),
(1174180,7),
(1203220,7),
(1297900,7),
(1304930,7),
(1364780,7),
(1446780,7),
(1547000,7),
(1659040,7),
(1771300,7),
(1874880,7),
(1974050,7),
(2050650,7),
(2072560,7),
(2073850,7),
(2074920,7),
(2183900,7),
(2215200,7),
(2221490,7),
(2246340,7),
(2358720,7),
(2424420,7),
(2507950,7),
(2569760,7),
(2622380,7),
(2651280,7),
(2694490,7),
(2767030,7),
(2778580,7),
(2806050,7),
(2807960,7),
(2958130,7),
(3017860,7),
(3028330,7),
(3065800,7),
(3124540,7),
(3240220,7),
(3321460,7),
(3513350,7),
(3679080,7),
(3764200,7),
(3768760,7),
(3839790,7),
(3844970,7),
(4162040,7),
(4435490,7),
(4508340,7),
(4600470,7),
(230410,8),
(582010,8),
(582660,8),
(881020,8),
(934700,8),
(1145350,8),
(1245620,8),
(1285190,8),
(1297900,8),
(1361210,8),
(1446780,8),
(1466060,8),
(1974050,8),
(2244210,8),
(2344520,8),
(2358720,8),
(2694490,8),
(3564740,8),
(3767850,8),
(3839790,8),
(1605850,9),
(2072560,9),
(250900,10),
(632360,10),
(1145350,10),
(1145360,10),
(3808690,10),
(582660,11),
(934700,11),
(1285190,11),
(1547000,11),
(2001120,11),
(2183900,11),
(2215200,11),
(2358720,11),
(2651280,11),
(3321460,11),
(3564740,11),
(3751950,11),
(3764200,11),
(3768760,11),
(12210,12),
(105600,12),
(252490,12),
(275850,12),
(306130,12),
(322330,12),
(346110,12),
(376210,12),
(454650,12),
(489830,12),
(582010,12),
(648800,12),
(753640,12),
(934700,12),
(1086940,12),
(1172620,12),
(1174180,12),
(1203620,12),
(1284210,12),
(1297900,12),
(1332010,12),
(1364780,12),
(1401590,12),
(1465360,12),
(1466060,12),
(1547000,12),
(1623730,12),
(1771300,12),
(1868140,12),
(1903340,12),
(1943950,12),
(1962700,12),
(1974050,12),
(2139460,12),
(2183900,12),
(2186680,12),
(2221490,12),
(2399830,12),
(2569760,12),
(2651280,12),
(2778580,12),
(2806050,12),
(3240220,12),
(3321460,12),
(3513350,12),
(3527290,12),
(3564740,12),
(3679080,12),
(3751950,12),
(3768760,12),
(3892270,12),
(3949040,12),
(4508340,12),
(413150,13),
(2806050,14),
(394360,15),
(431960,16),
(431960,17),
(438100,17),
(454650,17),
(881020,17),
(1449850,17),
(2072560,17),
(2244210,17),
(2424420,17),
(2524850,17),
(3513350,17),
(3679080,17),
(3839790,17),
(4162040,17),
(4508340,17),
(1364780,18),
(2138720,18),
(2483190,18),
(2524850,18),
(4025700,19),
(4197610,19),
(1659040,20),
(3751950,20),
(418370,21),
(594650,21),
(753640,21),
(883710,21),
(1297900,21),
(1332010,21),
(1361210,21),
(2124490,21),
(2141730,21),
(2537590,21),
(3712080,21),
(4380490,21),
(427520,22),
(526870,22),
(3164500,22),
(4210580,22),
(12210,23),
(227300,23),
(266410,23),
(270880,23),
(284160,23),
(1465360,23),
(2483190,23),
(3059520,23),
(3240220,23),
(3656800,23),
(251570,24),
(294100,24),
(346110,24),
(427520,24),
(526870,24),
(648800,24),
(813780,24),
(892970,24),
(1151340,24),
(1203620,24),
(1284190,24),
(1326470,24),
(1363080,24),
(1805110,24),
(2139460,24),
(2399830,24),
(3164500,24),
(3472040,25),
(578080,26),
(1172470,26),
(1203220,26),
(1431300,26),
(3028330,26),
(1332010,27),
(105600,28),
(108600,28),
(251570,28),
(252490,28),
(346110,28),
(440900,28),
(526870,28),
(648800,28),
(703080,28),
(892970,28),
(949230,28),
(1118520,28),
(1190970,28),
(1203620,28),
(1222670,28),
(1284190,28),
(1326470,28),
(1363080,28),
(1374490,28),
(1805110,28),
(2300320,28),
(2399830,28),
(2688950,28),
(3041230,28),
(3274580,28),
(4210580,28),
(3808690,29),
(1671210,30),
(3808690,30),
(1086940,31),
(2186680,31),
(529340,32),
(553850,32),
(1151340,32),
(1449850,33),
(2868840,33),
(1449850,34),
(2868840,34),
(268910,35),
(2424420,35),
(728880,36),
(1190970,36),
(1222670,36),
(1401590,36),
(1868140,36),
(2968420,36),
(4025700,36),
(4197610,36),
(4704690,36),
(1332010,37),
(4380490,37),
(230410,38),
(261550,38),
(454650,38),
(489830,38),
(582010,38),
(1086940,38),
(1118520,38),
(1158310,38),
(1203220,38),
(1222670,38),
(1284210,38),
(1286830,38),
(1304930,38),
(1364780,38),
(1401590,38),
(1446780,38),
(1466060,38),
(2186680,38),
(2244210,38),
(2246340,38),
(3472040,38),
(3564740,38),
(3767850,38),
(3808690,38),
(4025700,38),
(1086940,39),
(1286830,39),
(2186680,39),
(2592160,39),
(2592160,40),
(3274580,40),
(3017860,41),
(3764200,41),
(3768760,41),
(4435490,41),
(703080,42),
(813780,42),
(949230,42),
(1295660,42),
(1363080,42),
(1605850,42),
(2688950,42),
(2958130,42),
(3274580,42),
(4025700,42),
(440,43),
(1361210,43),
(3767850,43),
(813780,44),
(1190970,45),
(2968420,45),
(108600,46),
(202970,46),
(268910,46),
(311210,46),
(322330,46),
(346110,46),
(381210,46),
(454650,46),
(526870,46),
(553850,46),
(582010,46),
(632360,46),
(648800,46),
(728880,46),
(739630,46),
(892970,46),
(934700,46),
(1085660,46),
(1144200,46),
(1151340,46),
(1172620,46),
(1190970,46),
(1284190,46),
(1285190,46),
(1304930,46),
(1326470,46),
(1361210,46),
(1374490,46),
(1446780,46),
(1623730,46),
(1805110,46),
(1943950,46),
(1962700,46),
(2001120,46),
(2072560,46),
(2139460,46),
(2141730,46),
(2183900,46),
(2186680,46),
(2215200,46),
(2246340,46),
(2344520,46),
(2507950,46),
(2569760,46),
(2622380,46),
(2806050,46),
(2868840,46),
(3059520,46),
(3124540,46),
(3164500,46),
(3186540,46),
(3241660,46),
(3527290,46),
(3844970,46),
(3892270,46),
(3949040,46),
(4032350,46),
(4210580,46),
(4435490,46),
(4197610,47),
(294100,48),
(2524850,49),
(4704690,49),
(236390,50),
(1361210,50),
(1974050,50),
(2358720,50),
(2424420,50),
(2807960,50),
(3321460,50),
(3513350,50),
(3679080,50),
(4508340,50),
(1671210,51),
(2592160,51),
(3241660,51),
(3527290,51),
(3892270,51),
(4704690,51),
(2215200,52),
(2651280,52),
(570,53),
(730,53),
(359550,53),
(1364780,53),
(2073850,53),
(2767030,53),
(3405690,53),
(4032350,53),
(1665460,54),
(3405690,54),
(3472040,54),
(728880,55),
(4380490,56),
(105600,57),
(108600,57),
(252490,57),
(322330,57),
(346110,57),
(413150,57),
(427520,57),
(440900,57),
(513710,57),
(526870,57),
(582660,57),
(648800,57),
(892970,57),
(1203620,57),
(1284190,57),
(1326470,57),
(1374490,57),
(1623730,57),
(1805110,57),
(2399830,57),
(3041230,57),
(3164500,57),
(1623730,58),
(12210,59),
(1547000,59),
(3164500,59),
(3240220,59),
(431960,60),
(1332010,60),
(2209900,60),
(4025700,60),
(4162040,60),
(4380490,60),
(1091500,61),
(1332010,61),
(2138330,61),
(250900,62),
(739630,62),
(934700,62),
(2050650,62),
(2778580,62),
(1151340,63),
(1142710,64),
(1245620,64),
(1297900,64),
(1466060,64),
(2358720,64),
(2694490,64),
(3017860,64),
(1222670,65),
(2246340,65),
(2868840,66),
(1190970,67),
(2209900,67),
(3017860,68),
(431960,69),
(1190970,69),
(284160,70),
(2073850,70),
(3712080,70),
(250900,71),
(268910,71),
(322330,71),
(1245620,71),
(2778580,71),
(3808690,71),
(346110,72),
(376210,72),
(2399830,72),
(2958130,72),
(529340,73),
(1295660,73),
(489830,74),
(2246340,74),
(227300,75),
(266410,75),
(270880,75),
(284160,75),
(588030,75),
(1465360,75),
(2483190,75),
(3059520,75),
(3656800,75),
(3949040,75),
(4508340,75),
(250900,76),
(1145350,76),
(1974050,76),
(2344520,76),
(2694490,76),
(3808690,76),
(1142710,77),
(438100,78),
(588030,78),
(1374490,78),
(1431300,78),
(1605850,78),
(2141730,78),
(2399830,78),
(3041230,78),
(3124540,78),
(3767850,78),
(227300,79),
(270880,79),
(529340,79),
(703080,79),
(949230,79),
(1295660,79),
(2300320,79),
(2688950,79),
(2958130,79),
(3274580,79),
(4210580,79),
(1671210,80),
(2592160,81),
(1943950,82),
(105600,83),
(227300,83),
(270880,83),
(275850,83),
(281990,83),
(306130,83),
(526870,83),
(582660,83),
(753640,83),
(892970,83),
(1203620,83),
(1284190,83),
(1297900,83),
(1332010,83),
(1374490,83),
(1401590,83),
(1465360,83),
(1466060,83),
(1868140,83),
(1903340,83),
(1943950,83),
(1962700,83),
(2483190,83),
(2537590,83),
(2569760,83),
(2778580,83),
(3041230,83),
(3274580,83),
(3321460,83),
(3513350,83),
(3527290,83),
(3656800,83),
(3712080,83),
(3751950,83),
(3844970,83),
(3892270,83),
(3949040,83),
(4210580,83),
(553850,84),
(594650,84),
(1431300,84),
(1808500,84),
(2073620,84),
(2507950,84),
(3065800,84),
(3124540,84),
(3932890,84),
(440,85),
(730,85),
(202970,85),
(311210,85),
(359550,85),
(518790,85),
(578080,85),
(594650,85),
(1085660,85),
(1091500,85),
(1144200,85),
(1172470,85),
(1285190,85),
(1361210,85),
(1431300,85),
(1874880,85),
(2073620,85),
(2073850,85),
(2357570,85),
(2507950,85),
(2806050,85),
(2807960,85),
(3017860,85),
(3028330,85),
(3065800,85),
(3124540,85),
(3186540,85),
(3764200,85),
(3932890,85),
(4435490,85),
(306130,86),
(489830,86),
(582010,86),
(881020,86),
(1086940,86),
(1142710,86),
(1245620,86),
(1284210,86),
(1401590,86),
(1903340,86),
(2001120,86),
(2209900,86),
(2244210,86),
(2424420,86),
(2778580,86),
(3105440,86),
(3321460,86),
(3839790,86),
(413150,87),
(2209900,87),
(2300320,87),
(2524850,88),
(881020,89),
(1145350,89),
(1203220,89),
(2001120,89),
(3839790,89),
(454650,90),
(1203220,90),
(1364780,90),
(440,91),
(730,91),
(202970,91),
(252490,91),
(311210,91),
(418370,91),
(431960,91),
(438100,91),
(582660,91),
(588030,91),
(739630,91),
(934700,91),
(1091500,91),
(1144200,91),
(1172470,91),
(1172620,91),
(1190970,91),
(1285190,91),
(1304930,91),
(1326470,91),
(1465360,91),
(1466060,91),
(1771300,91),
(1874880,91),
(1943950,91),
(1962700,91),
(2073620,91),
(2073850,91),
(2138330,91),
(2141730,91),
(2300320,91),
(2357570,91),
(2569760,91),
(2806050,91),
(2968420,91),
(3017860,91),
(3065800,91),
(3164500,91),
(3240220,91),
(3241660,91),
(3527290,91),
(3656800,91),
(3712080,91),
(3764200,91),
(3844970,91),
(3892270,91),
(3932890,91),
(3949040,91),
(4435490,91),
(1868140,92),
(223750,93),
(236390,93),
(2537590,93),
(4032350,94),
(1665460,95),
(2138720,95),
(3405690,95),
(440,96),
(570,96),
(223750,96),
(230410,96),
(236390,96),
(438100,96),
(1085660,96),
(1172470,96),
(1222670,96),
(1284210,96),
(1286830,96),
(1449850,96),
(1665460,96),
(1973530,96),
(1974050,96),
(2072560,96),
(2073620,96),
(2073850,96),
(2074920,96),
(2139460,96),
(2357570,96),
(2507950,96),
(2767030,96),
(3028330,96),
(3513350,96),
(3564740,96),
(3679080,96),
(4025700,96),
(4162040,96),
(4508340,96),
(440,97),
(438100,97),
(728880,97),
(1671210,97),
(2215200,97),
(3844970,97),
(3949040,97),
(4162040,97),
(4704690,97),
(311210,98),
(1091500,98),
(3065800,98),
(3892270,99),
(2688950,100),
(381210,101),
(418370,101),
(883710,101),
(934700,101),
(1361210,101),
(2138330,101),
(3017860,101),
(1297900,102),
(281990,103),
(394360,103),
(529340,103),
(1142710,103),
(1158310,103),
(1295660,103),
(1363080,103),
(3105440,103),
(250900,104),
(268910,104),
(753640,104),
(1145360,104),
(1671210,104),
(1903340,104),
(1973530,104),
(2124490,104),
(4162040,104),
(2073620,105),
(2507950,105),
(3932890,105),
(4435490,105),
(1145350,106),
(1145360,106),
(1974050,106),
(2244210,106),
(2344520,106),
(2694490,106),
(4162040,106),
(268910,107),
(2424420,107),
(4704690,107),
(2073620,108),
(3844970,108),
(440,109),
(311210,109),
(359550,109),
(1172470,109),
(2357570,109),
(2767030,109),
(4197610,110),
(4704690,110),
(394360,111),
(529340,111),
(813780,111),
(1158310,111),
(1295660,111),
(1363080,111),
(1771300,111),
(3274580,111),
(3751950,111),
(2537590,112),
(376210,113),
(381210,113),
(418370,113),
(594650,113),
(739630,113),
(883710,113),
(934700,113),
(1144200,113),
(1304930,113),
(1326470,113),
(1361210,113),
(1943950,113),
(1962700,113),
(2050650,113),
(2124490,113),
(2141730,113),
(2569760,113),
(3241660,113),
(3764200,113),
(3844970,113),
(1174180,114),
(376210,115),
(518790,115),
(1446780,115),
(2246340,115),
(2138720,116),
(1190970,117),
(3656800,117),
(250900,118),
(268910,118),
(413150,118),
(431960,118),
(728880,118),
(1118520,118),
(1145360,118),
(1623730,118),
(3949040,118),
(739630,119),
(2344520,120),
(2694490,120),
(881020,121),
(1903340,121),
(2244210,121),
(3839790,121),
(4508340,121),
(1118520,122),
(413150,123),
(1118520,123),
(1158310,123),
(1222670,123),
(1401590,123),
(2209900,123),
(4025700,123),
(4380490,123),
(4508340,123),
(268910,124),
(728880,124),
(2001120,124),
(2968420,124),
(3405690,124),
(3808690,124),
(4032350,124),
(728880,125),
(1364780,125),
(1665460,125),
(2968420,125),
(632360,126),
(1285190,126),
(1974050,126),
(2344520,126),
(2694490,126),
(3186540,126),
(230410,127),
(632360,127),
(1085660,127),
(1285190,127),
(2074920,127),
(2221490,127),
(3186540,127),
(3932890,127),
(1903340,128),
(1973530,128),
(2778580,128),
(2569760,129),
(306130,130),
(582660,130),
(1085660,130),
(1284210,130),
(1286830,130),
(2694490,130),
(3186540,130),
(3767850,130),
(570,131),
(2072560,131),
(2357570,131),
(489830,132),
(294100,133),
(427520,133),
(529340,133),
(703080,133),
(949230,133),
(1158310,133),
(1363080,133),
(1868140,133),
(2958130,133),
(3164500,133),
(3472040,133),
(4210580,133),
(4380490,133),
(1203220,134),
(2424420,134),
(3564740,134),
(230410,135),
(266410,135),
(306130,135),
(376210,135),
(438100,135),
(440900,135),
(454650,135),
(513710,135),
(1203220,135),
(1284210,135),
(1286830,135),
(1431300,135),
(2139460,135),
(2507950,135),
(3767850,135),
(261550,136),
(582660,136),
(813780,136),
(1158310,136),
(1363080,136),
(1771300,136),
(3321460,136),
(431960,137),
(438100,137),
(223750,138),
(236390,138),
(394360,138),
(552990,138),
(1295660,138),
(1407200,138),
(1874880,138),
(2807960,138),
(3028330,138),
(3932890,138),
(4210580,139),
(12210,140),
(227300,140),
(270880,140),
(294100,140),
(489830,140),
(949230,140),
(2807960,141),
(3028330,141),
(440,142),
(570,142),
(730,142),
(12210,142),
(105600,142),
(108600,142),
(202970,142),
(223750,142),
(251570,142),
(252490,142),
(261550,142),
(266410,142),
(268910,142),
(275850,142),
(281990,142),
(284160,142),
(306130,142),
(311210,142),
(322330,142),
(346110,142),
(359550,142),
(376210,142),
(381210,142),
(394360,142),
(413150,142),
(427520,142),
(438100,142),
(440900,142),
(454650,142),
(518790,142),
(526870,142),
(552990,142),
(553850,142),
(578080,142),
(582010,142),
(594650,142),
(632360,142),
(648800,142),
(728880,142),
(739630,142),
(813780,142),
(881020,142),
(892970,142),
(1085660,142),
(1144200,142),
(1151340,142),
(1172470,142),
(1172620,142),
(1174180,142),
(1203220,142),
(1203620,142),
(1245620,142),
(1286830,142),
(1295660,142),
(1304930,142),
(1326470,142),
(1364780,142),
(1374490,142),
(1407200,142),
(1446780,142),
(1449850,142),
(1465360,142),
(1623730,142),
(1659040,142),
(1665460,142),
(1805110,142),
(1808500,142),
(1874880,142),
(1943950,142),
(1962700,142),
(1974050,142),
(2072560,142),
(2073620,142),
(2073850,142),
(2074920,142),
(2138720,142),
(2139460,142),
(2141730,142),
(2183900,142),
(2215200,142),
(2221490,142),
(2246340,142),
(2300320,142),
(2344520,142),
(2357570,142),
(2399830,142),
(2424420,142),
(2483190,142),
(2507950,142),
(2537590,142),
(2622380,142),
(2767030,142),
(2807960,142),
(2868840,142),
(2968420,142),
(3028330,142),
(3059520,142),
(3065800,142),
(3105440,142),
(3124540,142),
(3164500,142),
(3186540,142),
(3240220,142),
(3241660,142),
(3405690,142),
(3472040,142),
(3527290,142),
(3564740,142),
(3679080,142),
(3712080,142),
(3839790,142),
(3844970,142),
(3892270,142),
(3949040,142),
(4025700,142),
(4032350,142),
(4380490,142),
(4435490,142),
(4704690,142),
(753640,143),
(1145350,144),
(1145360,144),
(2358720,144),
(518790,145),
(703080,145),
(3712080,145),
(552990,146),
(3041230,146),
(3751950,146),
(440900,147),
(513710,147),
(1091500,147),
(1547000,147),
(2138330,147),
(2592160,147),
(570,148),
(202970,148),
(230410,148),
(251570,148),
(322330,148),
(359550,148),
(381210,148),
(454650,148),
(553850,148),
(578080,148),
(632360,148),
(648800,148),
(728880,148),
(739630,148),
(881020,148),
(892970,148),
(1172620,148),
(1203620,148),
(1284190,148),
(1374490,148),
(1446780,148),
(1623730,148),
(1805110,148),
(1808500,148),
(1943950,148),
(2001120,148),
(2072560,148),
(2074920,148),
(2138720,148),
(2141730,148),
(2221490,148),
(2246340,148),
(2344520,148),
(2622380,148),
(2968420,148),
(3041230,148),
(3059520,148),
(3124540,148),
(3241660,148),
(3405690,148),
(3527290,148),
(3679080,148),
(3712080,148),
(3839790,148),
(3892270,148),
(3949040,148),
(4032350,148),
(4210580,148),
(4380490,148),
(4704690,148),
(12210,149),
(108600,149),
(223750,149),
(227300,149),
(251570,149),
(252490,149),
(261550,149),
(270880,149),
(275850,149),
(284160,149),
(306130,149),
(322330,149),
(346110,149),
(376210,149),
(427520,149),
(438100,149),
(440900,149),
(489830,149),
(513710,149),
(518790,149),
(526870,149),
(582010,149),
(588030,149),
(594650,149),
(648800,149),
(753640,149),
(892970,149),
(1085660,149),
(1091500,149),
(1118520,149),
(1151340,149),
(1172620,149),
(1174180,149),
(1203620,149),
(1245620,149),
(1284190,149),
(1285190,149),
(1286830,149),
(1326470,149),
(1374490,149),
(1431300,149),
(1465360,149),
(1466060,149),
(1547000,149),
(1623730,149),
(1771300,149),
(1805110,149),
(1962700,149),
(2138330,149),
(2139460,149),
(2215200,149),
(2221490,149),
(2246340,149),
(2399830,149),
(2483190,149),
(2651280,149),
(3164500,149),
(3186540,149),
(3240220,149),
(3321460,149),
(3513350,149),
(3564740,149),
(3679080,149),
(3751950,149),
(3767850,149),
(4508340,149),
(105600,150),
(108600,150),
(251570,150),
(252490,150),
(275850,150),
(322330,150),
(346110,150),
(440900,150),
(513710,150),
(648800,150),
(892970,150),
(1284190,150),
(1374490,150),
(1623730,150),
(1805110,150),
(2139460,150),
(3041230,150),
(4197610,151),
(4704690,152),
(284160,153),
(588030,153),
(3241660,153),
(3527290,153),
(3712080,153),
(3844970,153),
(3892270,153),
(3949040,153),
(1172620,154),
(1431300,154),
(3041230,154),
(3751950,154),
(105600,155),
(250900,155),
(413150,155),
(1671210,155),
(1868140,155),
(268910,156),
(2524850,156),
(2868840,157),
(529340,158),
(529340,159),
(108600,160),
(251570,160),
(934700,160),
(1151340,160),
(1808500,160),
(2139460,160),
(4162040,160),
(275850,161),
(3527290,161),
(3712080,161),
(2124490,162),
(418370,163),
(739630,163),
(1304930,163),
(1943950,163),
(2124490,163),
(2141730,163),
(2569760,163),
(3932890,163),
(753640,164),
(883710,164),
(1332010,164),
(4197610,164),
(553850,165),
(1085660,165),
(1285190,165),
(1304930,165),
(1361210,165),
(1605850,165),
(1808500,165),
(2183900,165),
(2622380,165),
(3041230,165),
(3065800,165),
(3124540,165),
(3186540,165),
(3767850,165),
(3844970,165),
(570,166),
(730,166),
(252490,166),
(359550,166),
(552990,166),
(578080,166),
(582660,166),
(594650,166),
(1085660,166),
(1172470,166),
(1172620,166),
(1203220,166),
(1284210,166),
(1364780,166),
(1407200,166),
(1431300,166),
(1449850,166),
(1605850,166),
(1665460,166),
(1808500,166),
(2072560,166),
(2073850,166),
(2138720,166),
(2357570,166),
(2767030,166),
(3059520,166),
(3065800,166),
(3186540,166),
(4032350,166),
(4435490,166),
(230410,167),
(261550,167),
(306130,167),
(413150,167),
(440900,167),
(454650,167),
(489830,167),
(582010,167),
(881020,167),
(1086940,167),
(1091500,167),
(1145350,167),
(1151340,167),
(1158310,167),
(1203620,167),
(1245620,167),
(1284210,167),
(1285190,167),
(1286830,167),
(1297900,167),
(1446780,167),
(1466060,167),
(1671210,167),
(1771300,167),
(1868140,167),
(1903340,167),
(1973530,167),
(1974050,167),
(2074920,167),
(2138330,167),
(2186680,167),
(2221490,167),
(2244210,167),
(2344520,167),
(2358720,167),
(2694490,167),
(2778580,167),
(3105440,167),
(3321460,167),
(3513350,167),
(3679080,167),
(3767850,167),
(3839790,167),
(4508340,167),
(813780,168),
(1142710,168),
(1605850,168),
(3274580,168),
(266410,169),
(284160,169),
(2483190,169),
(3059520,169),
(1142710,170),
(1605850,170),
(281990,171),
(223750,172),
(227300,172),
(266410,172),
(270880,172),
(284160,172),
(376210,172),
(513710,172),
(518790,172),
(588030,172),
(703080,172),
(949230,172),
(1144200,172),
(1174180,172),
(1297900,172),
(1465360,172),
(1771300,172),
(1874880,172),
(2073620,172),
(2141730,172),
(2300320,172),
(2483190,172),
(2537590,172),
(2688950,172),
(2807960,172),
(3405690,172),
(227300,173),
(270880,173),
(413150,173),
(518790,173),
(1118520,173),
(1190970,173),
(1401590,173),
(1868140,173),
(2209900,173),
(2968420,173),
(4025700,173),
(4197610,173),
(4380490,173),
(883710,174),
(2050650,174),
(2124490,174),
(250900,175),
(427520,176),
(526870,176),
(813780,176),
(2958130,176),
(1332010,177),
(250900,178),
(632360,178),
(1145350,178),
(1145360,178),
(2622380,178),
(2868840,178),
(3808690,178),
(2868840,179),
(632360,180),
(1145350,180),
(1145360,180),
(2569760,180),
(2622380,180),
(1086940,181),
(1222670,181),
(2209900,181),
(2592160,181),
(1172620,182),
(105600,183),
(108600,183),
(252490,183),
(261550,183),
(275850,183),
(281990,183),
(284160,183),
(294100,183),
(322330,183),
(427520,183),
(440900,183),
(526870,183),
(582660,183),
(703080,183),
(949230,183),
(1118520,183),
(1158310,183),
(1222670,183),
(1363080,183),
(1401590,183),
(1465360,183),
(1659040,183),
(1805110,183),
(1874880,183),
(2399830,183),
(2537590,183),
(2688950,183),
(2958130,183),
(2968420,183),
(3274580,183),
(4210580,183),
(275850,184),
(281990,184),
(294100,184),
(553850,184),
(1091500,184),
(1286830,184),
(1808500,184),
(2001120,184),
(2183900,184),
(2806050,184),
(3017860,184),
(3065800,184),
(2524850,185),
(2958130,186),
(1086940,187),
(1547000,187),
(2074920,187),
(2138330,187),
(2592160,187),
(2767030,187),
(3240220,187),
(440,188),
(730,188),
(202970,188),
(311210,188),
(359550,188),
(552990,188),
(553850,188),
(578080,188),
(1085660,188),
(1144200,188),
(1151340,188),
(1172470,188),
(1174180,188),
(1659040,188),
(1808500,188),
(1874880,188),
(2073620,188),
(2073850,188),
(2074920,188),
(2221490,188),
(2507950,188),
(2806050,188),
(2807960,188),
(3017860,188),
(3028330,188),
(3065800,188),
(3124540,188),
(3186540,188),
(3240220,188),
(3808690,188),
(3932890,188),
(4435490,188),
(223750,189),
(227300,189),
(236390,189),
(266410,189),
(270880,189),
(281990,189),
(284160,189),
(294100,189),
(376210,189),
(394360,189),
(413150,189),
(518790,189),
(529340,189),
(588030,189),
(703080,189),
(949230,189),
(1118520,189),
(1158310,189),
(1190970,189),
(1222670,189),
(1295660,189),
(1363080,189),
(1401590,189),
(1449850,189),
(1465360,189),
(1665460,189),
(1874880,189),
(2138720,189),
(2209900,189),
(2300320,189),
(2483190,189),
(2537590,189),
(2688950,189),
(2958130,189),
(2968420,189),
(3059520,189),
(3105440,189),
(3164500,189),
(3274580,189),
(3405690,189),
(3472040,189),
(3656800,189),
(4025700,189),
(4032350,189),
(4197610,189),
(4210580,189),
(4380490,189),
(12210,190),
(202970,190),
(223750,190),
(250900,190),
(261550,190),
(266410,190),
(294100,190),
(306130,190),
(311210,190),
(418370,190),
(489830,190),
(513710,190),
(703080,190),
(753640,190),
(813780,190),
(881020,190),
(883710,190),
(949230,190),
(1091500,190),
(1118520,190),
(1144200,190),
(1145360,190),
(1174180,190),
(1222670,190),
(1245620,190),
(1332010,190),
(1401590,190),
(1446780,190),
(1466060,190),
(1547000,190),
(1659040,190),
(1665460,190),
(1671210,190),
(1771300,190),
(1868140,190),
(1903340,190),
(1973530,190),
(2050650,190),
(2124490,190),
(2138330,190),
(2221490,190),
(2244210,190),
(2344520,190),
(2358720,190),
(2424420,190),
(2507950,190),
(2537590,190),
(2592160,190),
(2622380,190),
(2651280,190),
(2688950,190),
(2778580,190),
(2806050,190),
(2807960,190),
(3017860,190),
(3028330,190),
(3321460,190),
(3405690,190),
(3472040,190),
(3564740,190),
(3764200,190),
(3768760,190),
(3839790,190),
(4197610,190),
(2524850,191),
(431960,192),
(1245620,193),
(2244210,193),
(2358720,193),
(2622380,193),
(2694490,193),
(2778580,193),
(3564740,193),
(275850,194),
(281990,194),
(753640,194),
(1284190,194),
(2806050,194),
(2001120,195),
(266410,196),
(1665460,196),
(2138720,196),
(2483190,196),
(3059520,196),
(3405690,196),
(3472040,196),
(4032350,196),
(518790,197),
(1304930,197),
(1659040,197),
(2651280,197),
(3241660,197),
(3751950,197),
(3768760,197),
(4704690,197),
(489830,198),
(753640,198),
(1086940,198),
(1091500,198),
(1145360,198),
(1174180,198),
(1286830,198),
(1605850,198),
(1671210,198),
(1771300,198),
(1903340,198),
(1973530,198),
(2001120,198),
(2050650,198),
(2124490,198),
(2138330,198),
(2358720,198),
(2524850,198),
(2592160,198),
(2651280,198),
(3513350,198),
(3679080,198),
(3768760,198),
(4162040,198),
(4435490,198),
(570,199),
(261550,199),
(281990,199),
(294100,199),
(394360,199),
(427520,199),
(529340,199),
(813780,199),
(949230,199),
(1142710,199),
(1158310,199),
(1295660,199),
(1363080,199),
(1407200,199),
(1449850,199),
(1874880,199),
(1973530,199),
(2186680,199),
(2688950,199),
(2868840,199),
(2958130,199),
(3105440,199),
(3274580,199),
(3656800,199),
(4032350,199),
(1605850,200),
(4162040,201),
(2215200,202),
(2592160,202),
(2651280,202),
(2767030,202),
(739630,203),
(2209900,203),
(105600,204),
(108600,204),
(251570,204),
(252490,204),
(275850,204),
(294100,204),
(322330,204),
(346110,204),
(376210,204),
(381210,204),
(427520,204),
(440900,204),
(513710,204),
(518790,204),
(578080,204),
(648800,204),
(892970,204),
(1151340,204),
(1203220,204),
(1203620,204),
(1284190,204),
(1326470,204),
(1374490,204),
(1431300,204),
(1623730,204),
(1805110,204),
(1808500,204),
(1962700,204),
(2050650,204),
(2139460,204),
(2399830,204),
(3041230,204),
(3241660,204),
(381210,205),
(418370,205),
(883710,205),
(1304930,205),
(1326470,205),
(1943950,205),
(1962700,205),
(2050650,205),
(2124490,205),
(2141730,205),
(3712080,205),
(3764200,205),
(3932890,205),
(730,206),
(359550,206),
(394360,206),
(578080,206),
(594650,206),
(1144200,206),
(1407200,206),
(2073620,206),
(3105440,206),
(3932890,206),
(2186680,207),
(1407200,208),
(440,209),
(570,209),
(730,209),
(202970,209),
(381210,209),
(552990,209),
(594650,209),
(1172470,209),
(1407200,209),
(2073850,209),
(2138720,209),
(2357570,209),
(2767030,209),
(12210,210),
(230410,210),
(381210,210),
(582010,210),
(883710,210),
(1245620,210),
(1284210,210),
(1297900,210),
(1446780,210),
(1466060,210),
(1659040,210),
(2074920,210),
(2124490,210),
(2183900,210),
(2215200,210),
(2246340,210),
(2300320,210),
(2357570,210),
(2622380,210),
(2651280,210),
(3240220,210),
(3656800,210),
(3751950,210),
(3768760,210),
(12210,211),
(230410,211),
(552990,211),
(553850,211),
(578080,211),
(632360,211),
(1547000,211),
(1808500,211),
(2050650,211),
(2074920,211),
(2183900,211),
(2221490,211),
(2357570,211),
(2767030,211),
(3764200,211),
(3768760,211),
(2300320,212),
(2072560,213),
(3808690,214),
(3767850,215),
(1449850,216),
(588030,217),
(2524850,217),
(3656800,217),
(227300,218),
(270880,218),
(588030,218),
(3656800,218),
(1086940,219),
(1903340,219),
(1973530,219),
(2186680,219),
(2868840,219),
(1142710,220),
(2186680,220),
(3105440,220),
(1449850,221),
(1973530,221),
(1868140,222),
(1962700,222),
(431960,223),
(223750,224),
(236390,224),
(266410,224),
(418370,224),
(438100,224),
(588030,224),
(739630,224),
(1659040,224),
(2537590,224),
(3059520,224),
(2209900,225),
(236390,226),
(552990,226),
(1407200,226),
(1431300,226),
(381210,227),
(1361210,227),
(1547000,227),
(1659040,227),
(2138330,227),
(2569760,227),
(1973530,228),
(251570,229),
(202970,230),
(223750,230),
(236390,230),
(261550,230),
(394360,230),
(552990,230),
(582660,230),
(1142710,230),
(1407200,230),
(2807960,230),
(3028330,230),
(3105440,230),
(1407200,231),
(1605850,231),
(2183900,231),
(594650,232),
(1174180,232),
(3124540,232),
(236390,233),
(394360,233),
(552990,233),
(108600,234),
(251570,234),
(311210,234),
(418370,234),
(513710,234),
(883710,234),
(934700,234),
(2050650,234),
(3764200,234),
(703080,235),
(570,236),
(730,236),
(359550,236),
(1665460,236),
(2138720,236),
(3472040,236);
/*!40000 ALTER TABLE `dim_gametag` ENABLE KEYS */;
UNLOCK TABLES;
COMMIT;
SET AUTOCOMMIT=@OLD_AUTOCOMMIT;

--
-- Table structure for table `dim_genre`
--

DROP TABLE IF EXISTS `dim_genre`;
/*!40101 SET @saved_cs_client     = @@character_set_client */;
/*!40101 SET character_set_client = utf8mb4 */;
CREATE TABLE `dim_genre` (
  `genre_id` int(11) NOT NULL AUTO_INCREMENT,
  `genre_name` varchar(255) NOT NULL,
  PRIMARY KEY (`genre_id`)
) ENGINE=InnoDB AUTO_INCREMENT=28 DEFAULT CHARSET=utf8mb4 COLLATE=utf8mb4_uca1400_ai_ci;
/*!40101 SET character_set_client = @saved_cs_client */;

--
-- Dumping data for table `dim_genre`
--

SET @OLD_AUTOCOMMIT=@@AUTOCOMMIT, @@AUTOCOMMIT=0;
LOCK TABLES `dim_genre` WRITE;
/*!40000 ALTER TABLE `dim_genre` DISABLE KEYS */;
INSERT INTO `dim_genre` VALUES
(1,'Action'),
(2,'Action Games'),
(3,'Adventure'),
(4,'Adventure Games'),
(5,'Animation & Modeling'),
(6,'Casual'),
(7,'Casual Games'),
(8,'Design & Illustration'),
(9,'Early Access'),
(10,'Early Access Games'),
(11,'Free To Play'),
(12,'Free To Play Games'),
(13,'Indie'),
(14,'Indie Games'),
(15,'Massively Multiplayer'),
(16,'Massively Multiplayer Games'),
(17,'RPG'),
(18,'RPG Games'),
(19,'Racing'),
(20,'Racing Games'),
(21,'Simulation'),
(22,'Simulation Games'),
(23,'Sports'),
(24,'Sports Games'),
(25,'Strategy'),
(26,'Strategy Games'),
(27,'Utilities');
/*!40000 ALTER TABLE `dim_genre` ENABLE KEYS */;
UNLOCK TABLES;
COMMIT;
SET AUTOCOMMIT=@OLD_AUTOCOMMIT;

--
-- Table structure for table `dim_publisher`
--

DROP TABLE IF EXISTS `dim_publisher`;
/*!40101 SET @saved_cs_client     = @@character_set_client */;
/*!40101 SET character_set_client = utf8mb4 */;
CREATE TABLE `dim_publisher` (
  `pub_id` int(11) NOT NULL AUTO_INCREMENT,
  `pub_name` varchar(255) NOT NULL,
  PRIMARY KEY (`pub_id`)
) ENGINE=InnoDB AUTO_INCREMENT=96 DEFAULT CHARSET=utf8mb4 COLLATE=utf8mb4_uca1400_ai_ci;
/*!40101 SET character_set_client = @saved_cs_client */;

--
-- Dumping data for table `dim_publisher`
--

SET @OLD_AUTOCOMMIT=@@AUTOCOMMIT, @@AUTOCOMMIT=0;
LOCK TABLES `dim_publisher` WRITE;
/*!40000 ALTER TABLE `dim_publisher` DISABLE KEYS */;
INSERT INTO `dim_publisher` VALUES
(1,'2K'),
(2,'Activision'),
(3,'AdHoc Studio'),
(4,'Aggro Crab'),
(5,'Altfuture'),
(6,'Annapurna Interactive'),
(7,'ArenaNet®'),
(8,'Avalanche Studios'),
(9,'Awaken Realms'),
(10,'Axolot Games'),
(11,'Bandai Namco Entertainment'),
(12,'Bandai Namco Entertainment Inc.'),
(13,'BeamNG'),
(14,'Behaviour Interactive Inc.'),
(15,'Bethesda Softworks'),
(16,'Blizzard Entertainment, Inc.'),
(17,'Bohemia Interactive'),
(18,'Bungie'),
(19,'CAPCOM Co., Ltd.'),
(20,'CD PROJEKT RED'),
(21,'Coffee Stain Publishing'),
(22,'ConcernedApe'),
(23,'Crytek'),
(24,'Deep Silver'),
(25,'Digital Extremes'),
(26,'Dovetail Games - TSW'),
(27,'Eagle Dynamics SA'),
(28,'Electronic Arts'),
(29,'Facepunch Studios'),
(30,'Fatshark'),
(31,'Fireshine Games'),
(32,'Focus Entertainment'),
(33,'Frontier Developments'),
(34,'Frozen District'),
(35,'Funcom'),
(36,'FuturLab'),
(37,'GIANTS Software'),
(38,'Gaijin Network Ltd'),
(39,'Gameloft'),
(40,'Gamersky Games'),
(41,'Gearbox Publishing'),
(42,'Hello Games'),
(43,'Hooded Horse'),
(44,'IO Interactive A/S'),
(45,'Jagex Ltd'),
(46,'KONAMI'),
(47,'KRAFTON, Inc.'),
(48,'Kepler Interactive'),
(49,'Kinetic Games'),
(50,'Klei Entertainment'),
(51,'Larian Studios'),
(52,'Ludeon Studios'),
(53,'MINTROCKET'),
(54,'Mega Crit'),
(55,'Miju Games'),
(56,'NEXON'),
(57,'Nacon'),
(58,'Newnight'),
(59,'Nicalis, Inc.'),
(60,'PM Studios, Inc.'),
(61,'Paradox Interactive'),
(62,'Pearl Abyss'),
(63,'PlayStation Publishing LLC'),
(64,'PlayWay S.A.'),
(65,'Pocketpair'),
(66,'Pocketpair Publishing (Japan)'),
(67,'Re-Logic'),
(68,'Red Barrels'),
(69,'Rockstar Games'),
(70,'SCS Software'),
(71,'SEGA'),
(72,'Secret Mode'),
(73,'Sloclap'),
(74,'Slug Disco'),
(75,'Studio Wildcard'),
(76,'Supergiant Games'),
(77,'TENSTACK'),
(78,'THQ Nordic'),
(79,'TaleWorlds Entertainment'),
(80,'Team17'),
(81,'The Fun Pimps Entertainment LLC'),
(82,'Ubisoft'),
(83,'Unknown'),
(84,'Unknown Worlds Entertainment'),
(85,'VRChat Inc.'),
(86,'Valve'),
(87,'Wargaming Group Limited'),
(88,'Warner Bros. Games'),
(89,'XD'),
(90,'XSEED Games'),
(91,'Xbox Game Studios'),
(92,'lemorion_1224'),
(93,'rokaplay'),
(94,'tinyBuild'),
(95,'tobyfox');
/*!40000 ALTER TABLE `dim_publisher` ENABLE KEYS */;
UNLOCK TABLES;
COMMIT;
SET AUTOCOMMIT=@OLD_AUTOCOMMIT;

--
-- Table structure for table `dim_tag`
--

DROP TABLE IF EXISTS `dim_tag`;
/*!40101 SET @saved_cs_client     = @@character_set_client */;
/*!40101 SET character_set_client = utf8mb4 */;
CREATE TABLE `dim_tag` (
  `tag_id` int(11) NOT NULL AUTO_INCREMENT,
  `tag_name` varchar(255) NOT NULL,
  PRIMARY KEY (`tag_id`)
) ENGINE=InnoDB AUTO_INCREMENT=237 DEFAULT CHARSET=utf8mb4 COLLATE=utf8mb4_uca1400_ai_ci;
/*!40101 SET character_set_client = @saved_cs_client */;

--
-- Dumping data for table `dim_tag`
--

SET @OLD_AUTOCOMMIT=@@AUTOCOMMIT, @@AUTOCOMMIT=0;
LOCK TABLES `dim_tag` WRITE;
/*!40000 ALTER TABLE `dim_tag` DISABLE KEYS */;
INSERT INTO `dim_tag` VALUES
(1,'2D'),
(2,'2D Fighter'),
(3,'3D'),
(4,'3D Platformer'),
(5,'4 Player Local'),
(6,'4X'),
(7,'Action'),
(8,'Action RPG'),
(9,'Action RTS'),
(10,'Action Roguelike'),
(11,'Action-Adventure'),
(12,'Adventure'),
(13,'Agriculture'),
(14,'Aliens'),
(15,'Alternate History'),
(16,'Animation & Modeling'),
(17,'Anime'),
(18,'Arcade'),
(19,'Artificial Intelligence'),
(20,'Assassins'),
(21,'Atmospheric'),
(22,'Automation'),
(23,'Automobile Sim'),
(24,'Base Building'),
(25,'Basketball'),
(26,'Battle Royale'),
(27,'Beautiful'),
(28,'Building'),
(29,'Bullet Heaven'),
(30,'Bullet Hell'),
(31,'CRPG'),
(32,'Capitalism'),
(33,'Card Battler'),
(34,'Card Game'),
(35,'Cartoon'),
(36,'Casual'),
(37,'Cats'),
(38,'Character Customization'),
(39,'Choices Matter'),
(40,'Choose Your Own Adventure'),
(41,'Cinematic'),
(42,'City Builder'),
(43,'Class-Based'),
(44,'Classic'),
(45,'Cleaning'),
(46,'Co-op'),
(47,'Collectathon'),
(48,'Colony Sim'),
(49,'Colorful'),
(50,'Combat'),
(51,'Comedy'),
(52,'Comic Book'),
(53,'Competitive'),
(54,'Controller'),
(55,'Cooking'),
(56,'Cozy'),
(57,'Crafting'),
(58,'Creature Collector'),
(59,'Crime'),
(60,'Cute'),
(61,'Cyberpunk'),
(62,'Dark'),
(63,'Dark Comedy'),
(64,'Dark Fantasy'),
(65,'Dating Sim'),
(66,'Deckbuilding'),
(67,'Decorating'),
(68,'Demons'),
(69,'Design & Illustration'),
(70,'Destruction'),
(71,'Difficult'),
(72,'Dinosaurs'),
(73,'Diplomacy'),
(74,'Dragons'),
(75,'Driving'),
(76,'Dungeon Crawler'),
(77,'Dwarves'),
(78,'Early Access'),
(79,'Economy'),
(80,'Emotional'),
(81,'Episodic'),
(82,'Escape Room'),
(83,'Exploration'),
(84,'Extraction Shooter'),
(85,'FPS'),
(86,'Fantasy'),
(87,'Farming Sim'),
(88,'Fast-Paced'),
(89,'Female Protagonist'),
(90,'Fighting'),
(91,'First-Person'),
(92,'Fishing'),
(93,'Flight'),
(94,'Football (American)'),
(95,'Football (Soccer)'),
(96,'Free to Play'),
(97,'Funny'),
(98,'Futuristic'),
(99,'Gambling'),
(100,'God Game'),
(101,'Gore'),
(102,'Gothic'),
(103,'Grand Strategy'),
(104,'Great Soundtrack'),
(105,'Gun Customization'),
(106,'Hack and Slash'),
(107,'Hand-drawn'),
(108,'Heist'),
(109,'Hero Shooter'),
(110,'Hidden Object'),
(111,'Historical'),
(112,'Hobby Sim'),
(113,'Horror'),
(114,'Horses'),
(115,'Hunting'),
(116,'Immersive'),
(117,'Immersive Sim'),
(118,'Indie'),
(119,'Investigation'),
(120,'Isometric'),
(121,'JRPG'),
(122,'LGBTQ+'),
(123,'Life Sim'),
(124,'Local Co-Op'),
(125,'Local Multiplayer'),
(126,'Loot'),
(127,'Looter Shooter'),
(128,'Lore-Rich'),
(129,'Lovecraftian'),
(130,'MMORPG'),
(131,'MOBA'),
(132,'Magic'),
(133,'Management'),
(134,'Martial Arts'),
(135,'Massively Multiplayer'),
(136,'Medieval'),
(137,'Memes'),
(138,'Military'),
(139,'Mining'),
(140,'Moddable'),
(141,'Modern'),
(142,'Multiplayer'),
(143,'Mystery'),
(144,'Mythology'),
(145,'Nature'),
(146,'Naval Combat'),
(147,'Nudity'),
(148,'Online Co-Op'),
(149,'Open World'),
(150,'Open World Survival Craft'),
(151,'Organizing'),
(152,'Party Game'),
(153,'Physics'),
(154,'Pirates'),
(155,'Pixel Graphics'),
(156,'Platformer'),
(157,'Political'),
(158,'Political Sim'),
(159,'Politics'),
(160,'Post-apocalyptic'),
(161,'Procedural Generation'),
(162,'Psychological'),
(163,'Psychological Horror'),
(164,'Puzzle'),
(165,'PvE'),
(166,'PvP'),
(167,'RPG'),
(168,'RTS'),
(169,'Racing'),
(170,'Real Time Tactics'),
(171,'Real-Time with Pause'),
(172,'Realistic'),
(173,'Relaxing'),
(174,'Remake'),
(175,'Replay Value'),
(176,'Resource Management'),
(177,'Robots'),
(178,'Roguelike'),
(179,'Roguelike Deckbuilder'),
(180,'Roguelite'),
(181,'Romance'),
(182,'Sailing'),
(183,'Sandbox'),
(184,'Sci-fi'),
(185,'Score Attack'),
(186,'Sequel'),
(187,'Sexual Content'),
(188,'Shooter'),
(189,'Simulation'),
(190,'Singleplayer'),
(191,'Skating'),
(192,'Software'),
(193,'Souls-like'),
(194,'Space'),
(195,'Split Screen'),
(196,'Sports'),
(197,'Stealth'),
(198,'Story Rich'),
(199,'Strategy'),
(200,'Strategy RPG'),
(201,'Stylized'),
(202,'Superhero'),
(203,'Supernatural'),
(204,'Survival'),
(205,'Survival Horror'),
(206,'Tactical'),
(207,'Tactical RPG'),
(208,'Tanks'),
(209,'Team-Based'),
(210,'Third Person'),
(211,'Third-Person Shooter'),
(212,'Time Management'),
(213,'Top-Down'),
(214,'Top-Down Shooter'),
(215,'Trading'),
(216,'Trading Card Game'),
(217,'Trains'),
(218,'Transportation'),
(219,'Turn-Based Combat'),
(220,'Turn-Based Strategy'),
(221,'Turn-Based Tactics'),
(222,'Underwater'),
(223,'Utilities'),
(224,'VR'),
(225,'Vampires'),
(226,'Vehicular Combat'),
(227,'Violent'),
(228,'Visual Novel'),
(229,'Voxel'),
(230,'War'),
(231,'Wargame'),
(232,'Western'),
(233,'World War II'),
(234,'Zombies'),
(235,'Zoo'),
(236,'eSports');
/*!40000 ALTER TABLE `dim_tag` ENABLE KEYS */;
UNLOCK TABLES;
COMMIT;
SET AUTOCOMMIT=@OLD_AUTOCOMMIT;

--
-- Table structure for table `fact_game`
--

DROP TABLE IF EXISTS `fact_game`;
/*!40101 SET @saved_cs_client     = @@character_set_client */;
/*!40101 SET character_set_client = utf8mb4 */;
CREATE TABLE `fact_game` (
  `fact_id` int(11) NOT NULL AUTO_INCREMENT,
  `game_id` int(11) NOT NULL,
  `dev_id` int(11) NOT NULL,
  `pub_id` int(11) NOT NULL,
  `release_date` date DEFAULT NULL,
  `review_count` int(11) NOT NULL,
  `price` decimal(10,2) NOT NULL,
  PRIMARY KEY (`fact_id`),
  KEY `dev_id` (`dev_id`),
  KEY `pub_id` (`pub_id`),
  KEY `game_id` (`game_id`),
  KEY `release_date` (`release_date`),
  CONSTRAINT `fact_game_ibfk_1` FOREIGN KEY (`dev_id`) REFERENCES `dim_developer` (`dev_id`),
  CONSTRAINT `fact_game_ibfk_2` FOREIGN KEY (`pub_id`) REFERENCES `dim_publisher` (`pub_id`),
  CONSTRAINT `fact_game_ibfk_3` FOREIGN KEY (`game_id`) REFERENCES `dim_game` (`game_id`),
  CONSTRAINT `fact_game_ibfk_4` FOREIGN KEY (`release_date`) REFERENCES `dim_date` (`release_date`)
) ENGINE=InnoDB AUTO_INCREMENT=201 DEFAULT CHARSET=utf8mb4 COLLATE=utf8mb4_uca1400_ai_ci;
/*!40101 SET character_set_client = @saved_cs_client */;

--
-- Dumping data for table `fact_game`
--

SET @OLD_AUTOCOMMIT=@@AUTOCOMMIT, @@AUTOCOMMIT=0;
LOCK TABLES `fact_game` WRITE;
/*!40000 ALTER TABLE `fact_game` DISABLE KEYS */;
INSERT INTO `fact_game` VALUES
(1,440,91,86,'2007-10-10',738847,0.00),
(2,570,91,86,'2013-07-09',833356,0.00),
(3,730,91,86,'2012-08-21',2578261,0.00),
(4,12210,70,69,'2020-03-24',72046,0.00),
(5,105600,66,67,'2011-05-16',596744,90999.00),
(6,108600,88,83,'2013-11-08',151659,165999.00),
(7,202970,88,2,'2012-11-12',12550,599000.00),
(8,223750,27,27,'2018-03-18',23022,0.00),
(9,227300,71,70,'2012-10-18',143636,175999.00),
(10,230410,24,25,'2013-03-25',298048,0.00),
(11,236390,88,38,'2013-08-15',320897,0.00),
(12,250900,57,59,'2014-11-04',155909,95999.00),
(13,251570,82,81,'2024-07-25',125639,338999.00),
(14,252490,30,29,'2018-02-08',527322,329000.00),
(15,261550,80,79,'2022-10-25',97826,549000.00),
(16,266410,88,83,'2015-01-12',3178,0.00),
(17,268910,88,83,'2017-09-29',65076,135999.00),
(18,270880,71,70,'2016-02-02',93829,175999.00),
(19,275850,42,42,'2016-08-12',182504,0.00),
(20,281990,60,61,'2016-05-09',76403,563999.00),
(21,284160,9,13,'2015-05-29',204176,206999.00),
(22,294100,51,52,'2018-10-17',118224,284999.00),
(23,306130,97,15,'2014-04-04',74304,266000.00),
(24,311210,7,2,'2015-11-05',118330,891000.00),
(25,322330,49,50,'2016-04-21',81822,95999.00),
(26,346110,75,75,'2017-08-27',255459,209598.00),
(27,359550,85,82,'2015-12-01',796140,0.00),
(28,376210,88,83,'2015-12-01',59813,165999.00),
(29,381210,10,14,'2016-06-14',263159,219890.00),
(30,394360,60,61,'2016-06-06',123759,563999.00),
(31,413150,22,22,'2016-02-26',390676,115999.00),
(32,418370,17,19,'2017-01-23',32505,269749.00),
(33,427520,88,83,'2020-08-14',116686,0.00),
(34,431960,88,83,'2018-11-16',229995,47499.00),
(35,438100,90,85,'2017-02-01',175841,0.00),
(36,440900,35,35,'2018-05-08',39371,625088.00),
(37,454650,88,11,'2016-10-27',19259,3169798.00),
(38,489830,11,15,'2016-10-27',128629,329999.00),
(39,513710,88,83,'2025-06-17',37848,1329568.00),
(40,518790,29,8,'2017-02-16',63415,165999.00),
(41,526870,21,21,'2024-09-10',135705,51800.00),
(42,529340,60,61,'2022-10-25',20525,1232489.00),
(43,552990,93,87,'2017-11-15',49095,0.00),
(44,553850,5,63,'2024-02-08',629685,579000.00),
(45,578080,59,47,'2017-12-21',448260,0.00),
(46,582010,17,19,'2018-08-08',115154,6514949.00),
(47,582660,61,62,'2023-09-05',35751,48999.00),
(48,588030,3,5,'2019-01-25',6099,94499.00),
(49,594650,23,23,'2019-08-27',94256,255000.00),
(50,632360,88,41,'2020-08-11',162401,119999.00),
(51,648800,88,10,'2022-06-20',129487,174999.00),
(52,703080,33,33,'2019-11-05',42543,440278.00),
(53,728880,81,80,'2018-08-07',14419,199999.00),
(54,739630,48,49,'2020-09-18',357633,0.00),
(55,753640,88,6,'2020-06-18',51805,110398.00),
(56,813780,95,91,'2019-11-14',61383,299500.00),
(57,881020,88,83,'2024-01-31',12006,429000.00),
(58,883710,17,19,'2019-01-24',57727,515248.00),
(59,892970,88,21,'2021-02-02',256878,42999.00),
(60,934700,88,24,'2024-04-22',10227,306440.00),
(61,949230,44,61,'2023-10-24',33953,563999.00),
(62,1085660,16,18,'2019-10-01',388229,0.00),
(63,1086940,50,51,'2023-08-03',445306,699999.00),
(64,1091500,18,20,'2020-12-09',383159,699999.00),
(65,1118520,88,83,'2026-05-25',13321,299999.00),
(66,1142710,19,71,'2022-02-16',55464,648999.00),
(67,1144200,88,83,'2023-12-13',148937,255999.00),
(68,1145350,76,76,'2025-09-25',64605,63699.00),
(69,1145360,76,76,'2020-09-17',141546,27299.00),
(70,1151340,11,15,'2020-04-14',46291,532000.00),
(71,1158310,60,61,'2020-09-01',49659,563999.00),
(72,1172470,68,28,'2020-11-04',446472,0.00),
(73,1172620,65,91,'2020-06-03',146763,449000.00),
(74,1174180,69,69,'2019-12-05',306606,0.00),
(75,1190970,34,34,'2023-12-14',9292,303801.00),
(76,1203220,88,83,'2021-08-11',23655,0.00),
(77,1203620,88,83,'2024-01-24',48193,239999.00),
(78,1222670,53,28,'2014-09-02',105513,0.00),
(79,1245620,88,11,'2022-02-24',431843,599000.00),
(80,1284190,55,55,'2024-04-10',36604,159640.00),
(81,1284210,4,7,'2022-08-23',18555,0.00),
(82,1285190,39,1,'2025-09-11',42544,1090000.00),
(83,1286830,88,28,'2011-12-20',52455,0.00),
(84,1295660,32,1,'2025-02-10',28723,1054300.00),
(85,1297900,88,78,'2026-06-05',6969,573999.00),
(86,1304930,67,68,'2024-03-05',40952,299999.00),
(87,1326470,28,58,'2024-02-22',116782,245999.00),
(88,1332010,88,6,'2022-07-19',78712,34799.00),
(89,1361210,31,30,'2022-11-30',73653,1072894.00),
(90,1363080,73,43,'2024-04-26',39399,0.00),
(91,1364780,17,19,'2023-06-01',20420,3802097.00),
(92,1374490,46,45,'2025-04-15',21345,319999.00),
(93,1401590,37,39,'2023-12-05',15511,525000.00),
(94,1407200,93,87,'2021-04-28',25007,0.00),
(95,1431300,88,94,'2026-06-22',6728,119999.00),
(96,1446780,17,19,'2022-01-12',34233,0.00),
(97,1449850,47,46,'2022-01-18',48515,0.00),
(98,1465360,72,32,'2021-05-17',18672,1755780.00),
(99,1466060,64,9,'2025-05-23',18863,110998.00),
(100,1547000,69,69,'2023-01-19',4764,119000.00),
(101,1605850,45,40,'2026-07-20',377,0.00),
(102,1623730,63,65,'2026-07-09',163285,39549.00),
(103,1659040,43,44,'2022-01-20',30003,525999.00),
(104,1665460,47,46,'2021-09-29',29304,0.00),
(105,1671210,100,95,'2025-06-04',57706,206999.00),
(106,1675200,88,83,NULL,0,0.00),
(107,1771300,94,24,'2025-02-04',66085,641000.00),
(108,1805110,78,93,'2026-06-08',1515,101198.00),
(109,1808500,88,83,'2025-10-30',196559,479000.00),
(110,1868140,52,53,'2023-06-28',50166,165999.00),
(111,1874880,15,17,'2023-11-16',30271,499999.00),
(112,1903340,88,48,'2025-04-24',100852,499000.00),
(113,1943950,12,72,'2025-10-23',43852,84500.00),
(114,1962700,89,84,'2026-05-14',69878,350999.00),
(115,1973530,88,83,'2023-02-26',48300,0.00),
(116,1974050,78,89,'2023-05-09',8145,0.00),
(117,2001120,41,28,'2025-03-06',23239,569000.00),
(118,2050650,17,19,'2023-03-23',69237,1320773.00),
(119,2072560,88,11,'2025-09-09',5464,0.00),
(120,2073620,88,83,'2025-09-15',30215,0.00),
(121,2073850,88,83,'2023-12-07',155437,0.00),
(122,2074920,56,56,'2024-06-30',50566,0.00),
(123,2124490,14,46,'2024-10-07',23011,1433000.00),
(124,2138330,18,20,'2023-09-25',10736,349999.00),
(125,2138720,74,73,'2025-06-19',16533,245999.00),
(126,2139460,88,83,'2024-07-09',86087,0.00),
(127,2141730,88,83,'2022-10-18',14430,90999.00),
(128,2183900,72,32,'2024-09-09',94363,1489400.00),
(129,2186680,88,83,'2023-12-07',18771,375999.00),
(130,2209900,88,90,'2026-07-06',1160,499999.00),
(131,2215200,79,88,'2026-05-22',6142,1149000.00),
(132,2221490,84,82,'2023-01-12',17047,349000.00),
(133,2244210,88,12,'2026-07-09',1888,799000.00),
(134,2246340,17,19,'2025-02-27',83673,6535999.00),
(135,2300320,36,37,'2024-11-12',14942,326000.00),
(136,2344520,13,16,'2023-10-17',20431,744000.00),
(137,2357570,13,16,'2023-08-10',164350,0.00),
(138,2358720,88,83,'2024-08-19',69753,699999.00),
(139,2399830,75,75,'2023-10-25',57399,1679846.00),
(140,2424420,38,60,'2026-07-23',0,245999.00),
(141,2483190,62,91,'2026-05-18',38449,899000.00),
(142,2507950,88,83,'2024-12-04',67590,0.00),
(143,2524850,86,31,'2026-07-15',1233,125498.00),
(144,2537590,6,91,'2024-11-19',12386,1040000.00),
(145,2569760,1,57,'2026-07-15',1895,126498.00),
(146,2592160,2,3,'2025-10-22',106578,129598.00),
(147,2622380,88,11,'2025-05-29',74214,399000.00),
(148,2651280,58,63,'2025-01-30',16076,879000.00),
(149,2688950,33,33,'2024-11-06',8280,375999.00),
(150,2694490,88,83,'2024-12-06',96086,478185.00),
(151,2767030,88,83,'2024-12-05',291335,0.00),
(152,2778580,88,11,'2024-06-20',41199,599000.00),
(153,2806050,40,91,'2026-07-28',0,799000.00),
(154,2807960,8,28,'2025-10-10',148660,799000.00),
(155,2868840,54,54,'2026-03-05',65183,211000.00),
(156,2958130,33,33,'2025-10-21',6891,629999.00),
(157,2968420,78,36,'2025-10-23',7144,157300.00),
(158,3017860,88,15,'2025-05-14',18720,999999.00),
(159,3028330,8,28,'2025-10-28',9636,0.00),
(160,3041230,88,66,'2026-04-14',27412,245999.00),
(161,3059520,20,28,'2025-05-30',9716,408000.00),
(162,3065800,16,18,'2026-03-05',35437,317498.00),
(163,3105440,87,43,'2026-04-30',6056,299999.00),
(164,3124540,88,31,'2026-04-28',18968,136999.00),
(165,3164500,88,83,'2025-03-24',196642,165999.00),
(166,3186540,16,18,'2025-12-02',1444,0.00),
(167,3240220,70,69,'2025-03-04',70091,119000.00),
(168,3241660,88,83,'2025-02-26',135292,84500.00),
(169,3274580,88,82,'2025-11-12',5283,596250.00),
(170,3321460,61,62,'2026-03-19',59579,799000.00),
(171,3405690,26,28,'2025-09-25',26134,239000.00),
(172,3472040,92,1,'2025-09-04',12923,889000.00),
(173,3513350,88,83,'2025-04-28',28252,0.00),
(174,3527290,88,4,'2025-06-16',133464,69999.00),
(175,3564740,88,83,'2025-11-14',62825,0.00),
(176,3656800,25,26,'2025-09-30',1961,14096357.00),
(177,3679080,88,83,'2026-03-16',4192,0.00),
(178,3712080,88,83,'2026-07-16',1216,0.00),
(179,3751950,88,82,'2026-07-09',10217,679000.00),
(180,3764200,17,19,'2026-02-26',52229,313199.00),
(181,3767850,88,83,'2026-07-15',915,134999.00),
(182,3768760,43,44,'2026-05-26',16654,730000.00),
(183,3808690,88,74,'2026-07-16',1515,29099.00),
(184,3839790,88,83,'2026-07-08',927,299000.00),
(185,3844970,88,83,'2026-06-10',1929,0.00),
(186,3892270,77,77,'2026-05-01',9716,16399.00),
(187,3932890,88,83,'2025-11-15',11885,324999.00),
(188,3949040,88,83,'2025-10-21',29846,74000.00),
(189,4025700,96,89,'2026-01-16',7611,0.00),
(190,4032350,83,28,'2026-07-09',1607,799000.00),
(191,4162040,88,83,'2026-06-16',4568,0.00),
(192,4165870,88,83,NULL,0,0.00),
(193,4165910,88,83,NULL,0,0.00),
(194,4197610,88,83,'2026-04-30',13614,58499.00),
(195,4210580,99,64,'2026-07-16',628,0.00),
(196,4380490,88,40,'2026-07-09',1681,49499.00),
(197,4435490,88,2,'2026-10-22',0,999000.00),
(198,4508340,88,83,'2026-07-07',1585,0.00),
(199,4600470,88,83,'2026-07-21',22,289000.00),
(200,4704690,98,92,'2026-06-09',35678,58499.00);
/*!40000 ALTER TABLE `fact_game` ENABLE KEYS */;
UNLOCK TABLES;
COMMIT;
SET AUTOCOMMIT=@OLD_AUTOCOMMIT;
/*!40103 SET TIME_ZONE=@OLD_TIME_ZONE */;

/*!40101 SET SQL_MODE=@OLD_SQL_MODE */;
/*!40014 SET FOREIGN_KEY_CHECKS=@OLD_FOREIGN_KEY_CHECKS */;
/*!40014 SET UNIQUE_CHECKS=@OLD_UNIQUE_CHECKS */;
/*!40101 SET CHARACTER_SET_CLIENT=@OLD_CHARACTER_SET_CLIENT */;
/*!40101 SET CHARACTER_SET_RESULTS=@OLD_CHARACTER_SET_RESULTS */;
/*!40101 SET COLLATION_CONNECTION=@OLD_COLLATION_CONNECTION */;
/*M!100616 SET NOTE_VERBOSITY=@OLD_NOTE_VERBOSITY */;

-- Dump completed on 2026-07-23  1:10:01
