/*M!999999\- enable the sandbox mode */ 
-- MariaDB dump 10.19-11.8.6-MariaDB, for debian-linux-gnu (x86_64)
--
-- Host: localhost    Database: SteamGames
-- ------------------------------------------------------
-- Server version	11.8.6-MariaDB-6 from Debian

/*!40101 SET @OLD_CHARACTER_SET_CLIENT=@@CHARACTER_SET_CLIENT */;
/*!40101 SET @OLD_CHARACTER_SET_RESULTS=@@CHARACTER_SET_RESULTS */;
/*!40101 SET @OLD_COLLATION_CONNECTION=@@COLLATION_CONNECTION */;
/*!40101 SET NAMES utf8mb4 */;
/*!40103 SET @OLD_TIME_ZONE=@@TIME_ZONE */;
/*!40103 SET TIME_ZONE='+00:00' */;
/*!40014 SET @OLD_UNIQUE_CHECKS=@@UNIQUE_CHECKS, UNIQUE_CHECKS=0 */;
/*!40014 SET @OLD_FOREIGN_KEY_CHECKS=@@FOREIGN_KEY_CHECKS, FOREIGN_KEY_CHECKS=0 */;
/*!40101 SET @OLD_SQL_MODE=@@SQL_MODE, SQL_MODE='NO_AUTO_VALUE_ON_ZERO' */;
/*M!100616 SET @OLD_NOTE_VERBOSITY=@@NOTE_VERBOSITY, NOTE_VERBOSITY=0 */;

--
-- Table structure for table `Achievements`
--

DROP TABLE IF EXISTS `Achievements`;
/*!40101 SET @saved_cs_client     = @@character_set_client */;
/*!40101 SET character_set_client = utf8mb4 */;
CREATE TABLE `Achievements` (
  `achievement_id` int(11) NOT NULL AUTO_INCREMENT,
  `game_id` int(11) NOT NULL,
  `achievement_name` varchar(255) NOT NULL,
  `badge_img` varchar(255) NOT NULL,
  `description` varchar(255) NOT NULL,
  PRIMARY KEY (`achievement_id`),
  KEY `game_id` (`game_id`),
  CONSTRAINT `Achievements_ibfk_1` FOREIGN KEY (`game_id`) REFERENCES `Games` (`id`)
) ENGINE=InnoDB DEFAULT CHARSET=utf8mb4 COLLATE=utf8mb4_uca1400_ai_ci;
/*!40101 SET character_set_client = @saved_cs_client */;

--
-- Dumping data for table `Achievements`
--

SET @OLD_AUTOCOMMIT=@@AUTOCOMMIT, @@AUTOCOMMIT=0;
LOCK TABLES `Achievements` WRITE;
/*!40000 ALTER TABLE `Achievements` DISABLE KEYS */;
/*!40000 ALTER TABLE `Achievements` ENABLE KEYS */;
UNLOCK TABLES;
COMMIT;
SET AUTOCOMMIT=@OLD_AUTOCOMMIT;

--
-- Table structure for table `Developers`
--

DROP TABLE IF EXISTS `Developers`;
/*!40101 SET @saved_cs_client     = @@character_set_client */;
/*!40101 SET character_set_client = utf8mb4 */;
CREATE TABLE `Developers` (
  `dev_id` int(11) NOT NULL AUTO_INCREMENT,
  `dev_name` varchar(255) NOT NULL,
  PRIMARY KEY (`dev_id`)
) ENGINE=InnoDB AUTO_INCREMENT=100 DEFAULT CHARSET=utf8mb4 COLLATE=utf8mb4_uca1400_ai_ci;
/*!40101 SET character_set_client = @saved_cs_client */;

--
-- Dumping data for table `Developers`
--

SET @OLD_AUTOCOMMIT=@@AUTOCOMMIT, @@AUTOCOMMIT=0;
LOCK TABLES `Developers` WRITE;
/*!40000 ALTER TABLE `Developers` DISABLE KEYS */;
INSERT INTO `Developers` VALUES
(1,'ACE Team'),
(2,'AdHoc Studio'),
(3,'ArenaNet®'),
(4,'Arrowhead Game Studios'),
(5,'Asobo Studio'),
(6,'Aspyr (Mac)'),
(7,'Battlefield Studios'),
(8,'BeamNG'),
(9,'Behaviour Interactive Inc.'),
(10,'Bethesda Game Studios'),
(11,'Blackbird Interactive'),
(12,'Blizzard Entertainment, Inc.'),
(13,'Bloober Team SA'),
(14,'Bohemia Interactive'),
(15,'Bungie'),
(16,'CAPCOM Co., Ltd.'),
(17,'CD PROJEKT RED'),
(18,'CREATIVE ASSEMBLY'),
(19,'Codemasters'),
(20,'Coffee Stain Studios'),
(21,'ConcernedApe'),
(22,'Crytek'),
(23,'Digital Extremes'),
(24,'Dovetail Games'),
(25,'EA Canada'),
(26,'Electronic Arts'),
(27,'Endnight Games Ltd'),
(28,'Envar Games'),
(29,'Expansive Worlds'),
(30,'Facepunch Studios'),
(31,'Fatshark'),
(32,'Firaxis Games'),
(33,'Frontier Developments'),
(34,'Frozen District'),
(35,'Funcom'),
(36,'GIANTS Software'),
(37,'Gameloft'),
(38,'Gearbox Software'),
(39,'Halo Studios'),
(40,'Hazelight Studios'),
(41,'Hello Games'),
(42,'IO Interactive A/S'),
(43,'Iceflake Studios'),
(44,'Jagex Ltd'),
(45,'KONAMI'),
(46,'Kinetic Games'),
(47,'Klei Entertainment'),
(48,'Larian Studios'),
(49,'Ludeon Studios'),
(50,'MINTROCKET'),
(51,'Maxis'),
(52,'Mega Crit'),
(53,'NEXON Games'),
(54,'NEXON Games Co., Ltd.'),
(55,'New One Studio'),
(56,'Nicalis, Inc.'),
(57,'Nixxes Software'),
(58,'OVERKILL - a Starbreeze Studio.'),
(59,'PUBG Corporation'),
(60,'Paradox Development Studio'),
(61,'Pearl Abyss'),
(62,'Playground Games'),
(63,'Pocketpair'),
(64,'Questline'),
(65,'Rare Ltd'),
(66,'Re-Logic'),
(67,'Red Barrels'),
(68,'Respawn'),
(69,'Rockstar Games'),
(70,'Rockstar North'),
(71,'SCS Software'),
(72,'Saber Interactive'),
(73,'Slavic Magic'),
(74,'Sloclap'),
(75,'Studio Wildcard'),
(76,'TEAM GWYF'),
(77,'THIS GAME IS PART OF A SALE EVENT'),
(78,'TT Games'),
(79,'TaleWorlds Entertainment'),
(80,'Team17'),
(81,'The Fun Pimps'),
(82,'Tiburon'),
(83,'Ubisoft Bordeaux'),
(84,'Ubisoft Montreal'),
(85,'Undercoders'),
(86,'Unfrozen'),
(87,'Unknown'),
(88,'Unknown Worlds Entertainment'),
(89,'VRChat Inc.'),
(90,'Valve'),
(91,'Visual Concepts'),
(92,'Wargaming Group Limited'),
(93,'Warhorse Studios'),
(94,'World\'s Edge'),
(95,'XD'),
(96,'ZeniMax Online Studios'),
(97,'lemorion_1224'),
(98,'threeW'),
(99,'tobyfox');
/*!40000 ALTER TABLE `Developers` ENABLE KEYS */;
UNLOCK TABLES;
COMMIT;
SET AUTOCOMMIT=@OLD_AUTOCOMMIT;

--
-- Table structure for table `GameGenres`
--

DROP TABLE IF EXISTS `GameGenres`;
/*!40101 SET @saved_cs_client     = @@character_set_client */;
/*!40101 SET character_set_client = utf8mb4 */;
CREATE TABLE `GameGenres` (
  `game_id` int(11) NOT NULL,
  `genre_id` int(11) NOT NULL,
  PRIMARY KEY (`game_id`,`genre_id`),
  KEY `genre_id` (`genre_id`),
  CONSTRAINT `GameGenres_ibfk_1` FOREIGN KEY (`game_id`) REFERENCES `Games` (`id`),
  CONSTRAINT `GameGenres_ibfk_2` FOREIGN KEY (`genre_id`) REFERENCES `Genres` (`genre_id`)
) ENGINE=InnoDB DEFAULT CHARSET=utf8mb4 COLLATE=utf8mb4_uca1400_ai_ci;
/*!40101 SET character_set_client = @saved_cs_client */;

--
-- Dumping data for table `GameGenres`
--

SET @OLD_AUTOCOMMIT=@@AUTOCOMMIT, @@AUTOCOMMIT=0;
LOCK TABLES `GameGenres` WRITE;
/*!40000 ALTER TABLE `GameGenres` DISABLE KEYS */;
INSERT INTO `GameGenres` VALUES
(440,1),
(570,1),
(730,1),
(12210,1),
(105600,1),
(202970,1),
(218620,1),
(230410,1),
(236390,1),
(250900,1),
(251570,1),
(252490,1),
(261550,1),
(268910,1),
(275850,1),
(306130,1),
(311210,1),
(322330,1),
(346110,1),
(359550,1),
(371970,1),
(376210,1),
(381210,1),
(418370,1),
(440900,1),
(454650,1),
(513710,1),
(552990,1),
(553850,1),
(578080,1),
(582010,1),
(582660,1),
(594650,1),
(601150,1),
(632360,1),
(728880,1),
(739630,1),
(753640,1),
(835570,1),
(881020,1),
(883710,1),
(892970,1),
(934700,1),
(1085660,1),
(1142710,1),
(1144200,1),
(1172470,1),
(1172620,1),
(1174180,1),
(1203220,1),
(1203620,1),
(1245620,1),
(1285190,1),
(1289670,1),
(1297900,1),
(1304930,1),
(1326470,1),
(1361210,1),
(1364780,1),
(1374490,1),
(1401590,1),
(1426210,1),
(1431300,1),
(1466060,1),
(1547000,1),
(1623730,1),
(1659040,1),
(1771300,1),
(1808500,1),
(1874880,1),
(1903340,1),
(1943950,1),
(1962700,1),
(1974050,1),
(2001120,1),
(2050650,1),
(2073620,1),
(2073850,1),
(2074920,1),
(2124490,1),
(2138720,1),
(2139460,1),
(2141730,1),
(2183900,1),
(2186680,1),
(2215200,1),
(2244210,1),
(2246340,1),
(2344520,1),
(2357570,1),
(2358720,1),
(2399830,1),
(2507950,1),
(2524850,1),
(2569760,1),
(2592160,1),
(2622380,1),
(2651280,1),
(2694490,1),
(2767030,1),
(2778580,1),
(2806050,1),
(2807960,1),
(2881650,1),
(2947440,1),
(3017860,1),
(3028330,1),
(3041230,1),
(3065800,1),
(3124540,1),
(3159330,1),
(3164500,1),
(3240220,1),
(3241660,1),
(3321460,1),
(3513350,1),
(3527290,1),
(3564740,1),
(3679080,1),
(3712080,1),
(3751950,1),
(3764200,1),
(3767850,1),
(3768760,1),
(3808690,1),
(3839790,1),
(3844970,1),
(3932890,1),
(3949040,1),
(4162040,1),
(4435490,1),
(4508340,1),
(12210,2),
(202970,2),
(218620,2),
(250900,2),
(251570,2),
(252490,2),
(261550,2),
(268910,2),
(275850,2),
(311210,2),
(346110,2),
(376210,2),
(381210,2),
(454650,2),
(513710,2),
(553850,2),
(582010,2),
(594650,2),
(601150,2),
(632360,2),
(881020,2),
(883710,2),
(892970,2),
(934700,2),
(1085660,2),
(1144200,2),
(1172470,2),
(1203220,2),
(1245620,2),
(1285190,2),
(1289670,2),
(1304930,2),
(1326470,2),
(1361210,2),
(1364780,2),
(1431300,2),
(1547000,2),
(1623730,2),
(1659040,2),
(1808500,2),
(1874880,2),
(2050650,2),
(2074920,2),
(2138720,2),
(2183900,2),
(2244210,2),
(2246340,2),
(2358720,2),
(2399830,2),
(2569760,2),
(2622380,2),
(2651280,2),
(2694490,2),
(2778580,2),
(2806050,2),
(2807960,2),
(2881650,2),
(2947440,2),
(3017860,2),
(3065800,2),
(3124540,2),
(3159330,2),
(3164500,2),
(3240220,2),
(3241660,2),
(3712080,2),
(3751950,2),
(3764200,2),
(3768760,2),
(3808690,2),
(3839790,2),
(3844970,2),
(3932890,2),
(4435490,2),
(12210,3),
(105600,3),
(251570,3),
(252490,3),
(275850,3),
(306130,3),
(311210,3),
(322330,3),
(346110,3),
(371970,3),
(376210,3),
(418370,3),
(438100,3),
(440900,3),
(454650,3),
(513710,3),
(518790,3),
(526870,3),
(578080,3),
(582660,3),
(648800,3),
(753640,3),
(881020,3),
(892970,3),
(934700,3),
(1085660,3),
(1086940,3),
(1144200,3),
(1172470,3),
(1172620,3),
(1174180,3),
(1203220,3),
(1203620,3),
(1222670,3),
(1284210,3),
(1285190,3),
(1304930,3),
(1326470,3),
(1332010,3),
(1361210,3),
(1364780,3),
(1374490,3),
(1401590,3),
(1426210,3),
(1431300,3),
(1465360,3),
(1466060,3),
(1547000,3),
(1623730,3),
(1659040,3),
(1771300,3),
(1805110,3),
(1868140,3),
(1962700,3),
(1974050,3),
(2001120,3),
(2050650,3),
(2073620,3),
(2074920,3),
(2124490,3),
(2139460,3),
(2141730,3),
(2183900,3),
(2186680,3),
(2215200,3),
(2246340,3),
(2344520,3),
(2358720,3),
(2399830,3),
(2507950,3),
(2524850,3),
(2569760,3),
(2592160,3),
(2651280,3),
(2679100,3),
(2694490,3),
(2806050,3),
(2881650,3),
(2947440,3),
(3041230,3),
(3124540,3),
(3159330,3),
(3240220,3),
(3321460,3),
(3513350,3),
(3527290,3),
(3557620,3),
(3564740,3),
(3679080,3),
(3751950,3),
(3764200,3),
(3768760,3),
(3839790,3),
(3844970,3),
(3892270,3),
(3949040,3),
(4148240,3),
(4162040,3),
(4508340,3),
(322330,4),
(418370,4),
(518790,4),
(648800,4),
(753640,4),
(1172620,4),
(1174180,4),
(1332010,4),
(1374490,4),
(1426210,4),
(1805110,4),
(1868140,4),
(2001120,4),
(2124490,4),
(2215200,4),
(2524850,4),
(2592160,4),
(2679100,4),
(3041230,4),
(3321460,4),
(3949040,4),
(4148240,4),
(431960,5),
(4000,6),
(427520,6),
(431960,6),
(438100,6),
(454650,6),
(728880,6),
(1190970,6),
(1222670,6),
(1401590,6),
(1868140,6),
(2141730,6),
(2209900,6),
(2344520,6),
(2592160,6),
(2968420,6),
(3557620,6),
(4025700,6),
(4069520,6),
(4148240,6),
(4197610,6),
(4704690,6),
(4704690,7),
(431960,8),
(284160,9),
(739630,9),
(1118520,9),
(1363080,9),
(1374490,9),
(1431300,9),
(1962700,9),
(2679100,9),
(2868840,9),
(3041230,9),
(3105440,9),
(3124540,9),
(3241660,9),
(3712080,9),
(1203620,10),
(1962700,10),
(440,11),
(570,11),
(730,11),
(230410,11),
(236390,11),
(359550,11),
(578080,11),
(1085660,11),
(1172470,11),
(1203220,11),
(1222670,11),
(1284210,11),
(1286830,11),
(1449850,11),
(1665460,11),
(1973530,11),
(1974050,11),
(2073850,11),
(2074920,11),
(2357570,11),
(2507950,11),
(2767030,11),
(3028330,11),
(3513350,11),
(3564740,11),
(4025700,11),
(4162040,11),
(4508340,11),
(440,12),
(570,12),
(730,12),
(230410,12),
(359550,12),
(578080,12),
(1222670,12),
(1284210,12),
(1449850,12),
(1973530,12),
(1974050,12),
(2073620,12),
(2073850,12),
(2139460,12),
(2357570,12),
(2507950,12),
(2767030,12),
(3028330,12),
(3513350,12),
(3679080,12),
(4025700,12),
(4162040,12),
(4508340,12),
(4000,13),
(105600,13),
(227300,13),
(251570,13),
(252490,13),
(261550,13),
(268910,13),
(270880,13),
(294100,13),
(322330,13),
(346110,13),
(371970,13),
(376210,13),
(413150,13),
(427520,13),
(431960,13),
(513710,13),
(526870,13),
(632360,13),
(648800,13),
(728880,13),
(739630,13),
(892970,13),
(1144200,13),
(1190970,13),
(1203620,13),
(1304930,13),
(1326470,13),
(1332010,13),
(1466060,13),
(1623730,13),
(1671210,13),
(1805110,13),
(1943950,13),
(2138720,13),
(2141730,13),
(2186680,13),
(2209900,13),
(2399830,13),
(2592160,13),
(2868840,13),
(2881650,13),
(2968420,13),
(3124540,13),
(3164500,13),
(3527290,13),
(3712080,13),
(3767850,13),
(3808690,13),
(3892270,13),
(3949040,13),
(4069520,13),
(4148240,13),
(4197610,13),
(4210580,13),
(4380490,13),
(4000,14),
(105600,14),
(413150,14),
(728880,14),
(739630,14),
(1943950,14),
(2141730,14),
(3527290,14),
(236390,15),
(252490,15),
(266410,15),
(306130,15),
(346110,15),
(376210,15),
(438100,15),
(440900,15),
(454650,15),
(513710,15),
(552990,15),
(578080,15),
(582660,15),
(835570,15),
(1203220,15),
(1284210,15),
(1286830,15),
(2073620,15),
(2344520,15),
(2399830,15),
(2507950,15),
(2694490,15),
(3679080,15),
(3767850,15),
(3932890,15),
(236390,16),
(306130,16),
(438100,16),
(552990,16),
(582660,16),
(835570,16),
(1286830,16),
(3767850,16),
(105600,17),
(218620,17),
(230410,17),
(251570,17),
(261550,17),
(306130,17),
(322330,17),
(371970,17),
(413150,17),
(440900,17),
(489830,17),
(582660,17),
(835570,17),
(881020,17),
(892970,17),
(1086940,17),
(1091500,17),
(1151340,17),
(1158310,17),
(1203620,17),
(1245620,17),
(1284210,17),
(1285190,17),
(1286830,17),
(1297900,17),
(1361210,17),
(1374490,17),
(1401590,17),
(1466060,17),
(1623730,17),
(1671210,17),
(1771300,17),
(1868140,17),
(1903340,17),
(1974050,17),
(2073620,17),
(2074920,17),
(2138330,17),
(2139460,17),
(2183900,17),
(2186680,17),
(2209900,17),
(2244210,17),
(2246340,17),
(2358720,17),
(2622380,17),
(2679100,17),
(2694490,17),
(2778580,17),
(3041230,17),
(3105440,17),
(3159330,17),
(3513350,17),
(3557620,17),
(3564740,17),
(3679080,17),
(3767850,17),
(3808690,17),
(3839790,17),
(3932890,17),
(4148240,17),
(4162040,17),
(4508340,17),
(371970,18),
(440900,18),
(489830,18),
(1086940,18),
(1091500,18),
(1151340,18),
(1297900,18),
(1466060,18),
(1671210,18),
(1771300,18),
(1903340,18),
(2138330,18),
(2186680,18),
(2344520,18),
(3557620,18),
(3564740,18),
(266410,19),
(284160,19),
(2483190,19),
(3059520,19),
(3240220,19),
(266410,20),
(2483190,20),
(3059520,20),
(4000,21),
(227300,21),
(236390,21),
(261550,21),
(266410,21),
(270880,21),
(281990,21),
(284160,21),
(294100,21),
(394360,21),
(413150,21),
(427520,21),
(438100,21),
(518790,21),
(526870,21),
(529340,21),
(552990,21),
(648800,21),
(949230,21),
(1118520,21),
(1158310,21),
(1190970,21),
(1222670,21),
(1295660,21),
(1326470,21),
(1363080,21),
(1449850,21),
(1465360,21),
(1665460,21),
(1805110,21),
(1868140,21),
(1874880,21),
(2139460,21),
(2209900,21),
(2300320,21),
(2483190,21),
(2537590,21),
(2688950,21),
(2958130,21),
(2968420,21),
(3164500,21),
(3274580,21),
(3405690,21),
(3656800,21),
(3712080,21),
(3808690,21),
(3892270,21),
(3932890,21),
(4025700,21),
(4032350,21),
(4197610,21),
(4210580,21),
(4380490,21),
(227300,22),
(270880,22),
(284160,22),
(294100,22),
(427520,22),
(949230,22),
(1118520,22),
(1190970,22),
(1401590,22),
(1465360,22),
(2209900,22),
(2300320,22),
(2537590,22),
(2688950,22),
(2958130,22),
(2968420,22),
(3656800,22),
(3892270,22),
(4197610,22),
(4210580,22),
(4380490,22),
(266410,23),
(518790,23),
(1289670,23),
(1665460,23),
(2138720,23),
(2483190,23),
(3059520,23),
(3405690,23),
(3472040,23),
(4032350,23),
(4069520,23),
(1665460,24),
(3405690,24),
(3472040,24),
(4032350,24),
(4069520,24),
(570,25),
(281990,25),
(294100,25),
(394360,25),
(427520,25),
(526870,25),
(529340,25),
(552990,25),
(813780,25),
(835570,25),
(1086940,25),
(1142710,25),
(1158310,25),
(1295660,25),
(1363080,25),
(1449850,25),
(1874880,25),
(2688950,25),
(2868840,25),
(2958130,25),
(3105440,25),
(3164500,25),
(3274580,25),
(3557620,25),
(281990,26),
(394360,26),
(526870,26),
(529340,26),
(813780,26),
(1142710,26),
(1158310,26),
(1295660,26),
(1363080,26),
(2868840,26),
(3105440,26),
(3274580,26),
(431960,27);
/*!40000 ALTER TABLE `GameGenres` ENABLE KEYS */;
UNLOCK TABLES;
COMMIT;
SET AUTOCOMMIT=@OLD_AUTOCOMMIT;

--
-- Table structure for table `GameTags`
--

DROP TABLE IF EXISTS `GameTags`;
/*!40101 SET @saved_cs_client     = @@character_set_client */;
/*!40101 SET character_set_client = utf8mb4 */;
CREATE TABLE `GameTags` (
  `game_id` int(11) NOT NULL,
  `tag_id` int(11) NOT NULL,
  PRIMARY KEY (`game_id`,`tag_id`),
  KEY `tag_id` (`tag_id`),
  CONSTRAINT `GameTags_ibfk_1` FOREIGN KEY (`game_id`) REFERENCES `Games` (`id`),
  CONSTRAINT `GameTags_ibfk_2` FOREIGN KEY (`tag_id`) REFERENCES `Tags` (`tag_id`)
) ENGINE=InnoDB DEFAULT CHARSET=utf8mb4 COLLATE=utf8mb4_uca1400_ai_ci;
/*!40101 SET character_set_client = @saved_cs_client */;

--
-- Dumping data for table `GameTags`
--

SET @OLD_AUTOCOMMIT=@@AUTOCOMMIT, @@AUTOCOMMIT=0;
LOCK TABLES `GameTags` WRITE;
/*!40000 ALTER TABLE `GameTags` DISABLE KEYS */;
INSERT INTO `GameTags` VALUES
(105600,1),
(268910,1),
(1671210,1),
(1364780,2),
(1284210,3),
(2244210,3),
(2300320,3),
(2688950,3),
(3159330,3),
(3241660,3),
(3472040,3),
(3513350,3),
(3527290,3),
(3768760,3),
(3892270,3),
(4069520,3),
(4197610,3),
(2001120,4),
(2215200,4),
(2524850,4),
(728880,5),
(281990,6),
(1295660,6),
(3105440,6),
(440,7),
(570,7),
(730,7),
(12210,7),
(202970,7),
(218620,7),
(230410,7),
(236390,7),
(261550,7),
(306130,7),
(311210,7),
(359550,7),
(418370,7),
(431960,7),
(454650,7),
(513710,7),
(553850,7),
(578080,7),
(582010,7),
(601150,7),
(632360,7),
(835570,7),
(881020,7),
(883710,7),
(1142710,7),
(1144200,7),
(1172470,7),
(1172620,7),
(1174180,7),
(1203220,7),
(1297900,7),
(1304930,7),
(1364780,7),
(1547000,7),
(1659040,7),
(1771300,7),
(1874880,7),
(1974050,7),
(2050650,7),
(2073850,7),
(2074920,7),
(2183900,7),
(2215200,7),
(2246340,7),
(2358720,7),
(2507950,7),
(2569760,7),
(2622380,7),
(2651280,7),
(2694490,7),
(2767030,7),
(2778580,7),
(2806050,7),
(2807960,7),
(2947440,7),
(2958130,7),
(3017860,7),
(3028330,7),
(3065800,7),
(3124540,7),
(3159330,7),
(3240220,7),
(3321460,7),
(3513350,7),
(3679080,7),
(3764200,7),
(3768760,7),
(3839790,7),
(3844970,7),
(4162040,7),
(4435490,7),
(4508340,7),
(230410,8),
(371970,8),
(582010,8),
(582660,8),
(881020,8),
(934700,8),
(1245620,8),
(1285190,8),
(1297900,8),
(1361210,8),
(1466060,8),
(1974050,8),
(2244210,8),
(2344520,8),
(2358720,8),
(2694490,8),
(3564740,8),
(3767850,8),
(3839790,8),
(250900,9),
(371970,9),
(632360,9),
(2881650,9),
(3808690,9),
(582660,10),
(934700,10),
(1285190,10),
(1289670,10),
(1547000,10),
(2001120,10),
(2183900,10),
(2215200,10),
(2358720,10),
(2651280,10),
(2679100,10),
(3159330,10),
(3321460,10),
(3564740,10),
(3751950,10),
(3764200,10),
(3768760,10),
(12210,11),
(105600,11),
(252490,11),
(275850,11),
(306130,11),
(322330,11),
(346110,11),
(376210,11),
(454650,11),
(489830,11),
(582010,11),
(648800,11),
(753640,11),
(934700,11),
(1086940,11),
(1172620,11),
(1174180,11),
(1203620,11),
(1284210,11),
(1289670,11),
(1297900,11),
(1332010,11),
(1364780,11),
(1401590,11),
(1426210,11),
(1465360,11),
(1466060,11),
(1547000,11),
(1623730,11),
(1771300,11),
(1868140,11),
(1903340,11),
(1943950,11),
(1962700,11),
(1974050,11),
(2139460,11),
(2183900,11),
(2186680,11),
(2399830,11),
(2569760,11),
(2651280,11),
(2679100,11),
(2778580,11),
(2806050,11),
(2947440,11),
(3240220,11),
(3321460,11),
(3513350,11),
(3527290,11),
(3564740,11),
(3679080,11),
(3751950,11),
(3768760,11),
(3892270,11),
(3949040,11),
(4148240,11),
(4508340,11),
(413150,12),
(2806050,13),
(394360,14),
(431960,15),
(431960,16),
(438100,16),
(454650,16),
(881020,16),
(1449850,16),
(2244210,16),
(2524850,16),
(3513350,16),
(3557620,16),
(3679080,16),
(3839790,16),
(4162040,16),
(4508340,16),
(1364780,17),
(2138720,17),
(2483190,17),
(2524850,17),
(4025700,18),
(4197610,18),
(1659040,19),
(3159330,19),
(3751950,19),
(418370,20),
(594650,20),
(753640,20),
(883710,20),
(1297900,20),
(1332010,20),
(1361210,20),
(2124490,20),
(2141730,20),
(2537590,20),
(2947440,20),
(3712080,20),
(4380490,20),
(427520,21),
(526870,21),
(3164500,21),
(4210580,21),
(12210,22),
(227300,22),
(266410,22),
(270880,22),
(284160,22),
(1465360,22),
(2483190,22),
(3059520,22),
(3240220,22),
(3656800,22),
(251570,23),
(294100,23),
(346110,23),
(427520,23),
(526870,23),
(648800,23),
(813780,23),
(892970,23),
(1151340,23),
(1203620,23),
(1326470,23),
(1363080,23),
(1805110,23),
(2139460,23),
(2399830,23),
(2679100,23),
(3164500,23),
(3472040,24),
(578080,25),
(1172470,25),
(1203220,25),
(1431300,25),
(3028330,25),
(1332010,26),
(4000,27),
(105600,27),
(251570,27),
(252490,27),
(346110,27),
(440900,27),
(526870,27),
(648800,27),
(892970,27),
(949230,27),
(1118520,27),
(1190970,27),
(1203620,27),
(1222670,27),
(1326470,27),
(1363080,27),
(1374490,27),
(1805110,27),
(2300320,27),
(2399830,27),
(2688950,27),
(3041230,27),
(3274580,27),
(4210580,27),
(3808690,28),
(1671210,29),
(3808690,29),
(1086940,30),
(2186680,30),
(529340,31),
(553850,31),
(1151340,31),
(1449850,32),
(2868840,32),
(1449850,33),
(2868840,33),
(268910,34),
(4000,35),
(728880,35),
(1190970,35),
(1222670,35),
(1401590,35),
(1868140,35),
(2968420,35),
(4025700,35),
(4148240,35),
(4197610,35),
(4704690,35),
(1332010,36),
(4380490,36),
(601150,37),
(230410,38),
(261550,38),
(454650,38),
(489830,38),
(582010,38),
(1086940,38),
(1118520,38),
(1158310,38),
(1203220,38),
(1222670,38),
(1284210,38),
(1286830,38),
(1304930,38),
(1364780,38),
(1401590,38),
(1466060,38),
(2186680,38),
(2244210,38),
(2246340,38),
(3472040,38),
(3564740,38),
(3767850,38),
(3808690,38),
(4025700,38),
(1086940,39),
(1286830,39),
(2186680,39),
(2592160,39),
(4148240,39),
(2592160,40),
(3274580,40),
(3017860,41),
(3764200,41),
(3768760,41),
(4148240,41),
(4435490,41),
(813780,42),
(949230,42),
(1295660,42),
(1363080,42),
(2688950,42),
(2958130,42),
(3274580,42),
(4025700,42),
(440,43),
(1361210,43),
(3767850,43),
(813780,44),
(1190970,45),
(2968420,45),
(202970,46),
(218620,46),
(268910,46),
(311210,46),
(322330,46),
(346110,46),
(381210,46),
(454650,46),
(526870,46),
(553850,46),
(582010,46),
(632360,46),
(648800,46),
(728880,46),
(739630,46),
(892970,46),
(934700,46),
(1085660,46),
(1144200,46),
(1151340,46),
(1172620,46),
(1190970,46),
(1285190,46),
(1304930,46),
(1326470,46),
(1361210,46),
(1374490,46),
(1426210,46),
(1623730,46),
(1805110,46),
(1943950,46),
(1962700,46),
(2001120,46),
(2139460,46),
(2141730,46),
(2183900,46),
(2186680,46),
(2215200,46),
(2246340,46),
(2344520,46),
(2507950,46),
(2569760,46),
(2622380,46),
(2806050,46),
(2868840,46),
(2881650,46),
(3059520,46),
(3124540,46),
(3164500,46),
(3241660,46),
(3527290,46),
(3844970,46),
(3892270,46),
(3949040,46),
(4032350,46),
(4069520,46),
(4210580,46),
(4435490,46),
(1426210,47),
(4197610,48),
(294100,49),
(2524850,50),
(4704690,50),
(236390,51),
(1361210,51),
(1974050,51),
(2358720,51),
(2807960,51),
(3159330,51),
(3321460,51),
(3513350,51),
(3679080,51),
(4508340,51),
(1671210,52),
(2592160,52),
(2881650,52),
(3241660,52),
(3527290,52),
(3892270,52),
(4069520,52),
(4704690,52),
(2215200,53),
(2651280,53),
(570,54),
(730,54),
(359550,54),
(1364780,54),
(2073850,54),
(2767030,54),
(3405690,54),
(4032350,54),
(1665460,55),
(3405690,55),
(3472040,55),
(728880,56),
(4380490,57),
(105600,58),
(252490,58),
(322330,58),
(346110,58),
(413150,58),
(427520,58),
(440900,58),
(513710,58),
(526870,58),
(582660,58),
(648800,58),
(892970,58),
(1203620,58),
(1326470,58),
(1374490,58),
(1623730,58),
(1805110,58),
(2399830,58),
(2679100,58),
(3041230,58),
(3164500,58),
(1623730,59),
(2679100,59),
(12210,60),
(218620,60),
(1547000,60),
(3164500,60),
(3240220,60),
(431960,61),
(1332010,61),
(2209900,61),
(3557620,61),
(4025700,61),
(4162040,61),
(4380490,61),
(1091500,62),
(1332010,62),
(2138330,62),
(250900,63),
(739630,63),
(934700,63),
(2050650,63),
(2778580,63),
(1151340,64),
(1142710,65),
(1245620,65),
(1297900,65),
(1466060,65),
(2358720,65),
(2694490,65),
(3017860,65),
(1222670,66),
(2246340,66),
(2868840,67),
(1190970,68),
(2209900,68),
(601150,69),
(3017860,69),
(431960,70),
(1190970,70),
(284160,71),
(2073850,71),
(3712080,71),
(250900,72),
(268910,72),
(322330,72),
(1245620,72),
(2778580,72),
(3808690,72),
(346110,73),
(376210,73),
(2399830,73),
(2958130,73),
(529340,74),
(1295660,74),
(489830,75),
(2246340,75),
(227300,76),
(266410,76),
(270880,76),
(284160,76),
(1465360,76),
(2483190,76),
(3059520,76),
(3656800,76),
(3949040,76),
(4508340,76),
(250900,77),
(371970,77),
(1974050,77),
(2344520,77),
(2694490,77),
(3808690,77),
(1142710,78),
(438100,79),
(1374490,79),
(1431300,79),
(2141730,79),
(2399830,79),
(2679100,79),
(3041230,79),
(3124540,79),
(3767850,79),
(227300,80),
(270880,80),
(529340,80),
(949230,80),
(1295660,80),
(2300320,80),
(2688950,80),
(2958130,80),
(3274580,80),
(4210580,80),
(1671210,81),
(3557620,82),
(2592160,83),
(1943950,84),
(105600,85),
(227300,85),
(270880,85),
(275850,85),
(281990,85),
(306130,85),
(526870,85),
(582660,85),
(753640,85),
(892970,85),
(1203620,85),
(1297900,85),
(1332010,85),
(1374490,85),
(1401590,85),
(1465360,85),
(1466060,85),
(1868140,85),
(1903340,85),
(1943950,85),
(1962700,85),
(2483190,85),
(2537590,85),
(2569760,85),
(2778580,85),
(2881650,85),
(3041230,85),
(3274580,85),
(3321460,85),
(3513350,85),
(3527290,85),
(3656800,85),
(3712080,85),
(3751950,85),
(3844970,85),
(3892270,85),
(3949040,85),
(4069520,85),
(4210580,85),
(553850,86),
(594650,86),
(1431300,86),
(1808500,86),
(2073620,86),
(2507950,86),
(3065800,86),
(3124540,86),
(3932890,86),
(4148240,87),
(440,88),
(730,88),
(4000,88),
(202970,88),
(218620,88),
(311210,88),
(359550,88),
(518790,88),
(578080,88),
(594650,88),
(1085660,88),
(1091500,88),
(1144200,88),
(1172470,88),
(1285190,88),
(1361210,88),
(1431300,88),
(1874880,88),
(2073620,88),
(2073850,88),
(2357570,88),
(2507950,88),
(2806050,88),
(2807960,88),
(3017860,88),
(3028330,88),
(3065800,88),
(3124540,88),
(3764200,88),
(3932890,88),
(4435490,88),
(306130,89),
(371970,89),
(489830,89),
(582010,89),
(881020,89),
(1086940,89),
(1142710,89),
(1245620,89),
(1284210,89),
(1401590,89),
(1903340,89),
(2001120,89),
(2209900,89),
(2244210,89),
(2679100,89),
(2778580,89),
(3105440,89),
(3321460,89),
(3839790,89),
(413150,90),
(2209900,90),
(2300320,90),
(2524850,91),
(881020,92),
(1203220,92),
(2001120,92),
(2947440,92),
(3839790,92),
(4148240,92),
(454650,93),
(1203220,93),
(1364780,93),
(440,94),
(730,94),
(4000,94),
(202970,94),
(252490,94),
(311210,94),
(371970,94),
(418370,94),
(431960,94),
(438100,94),
(582660,94),
(739630,94),
(934700,94),
(1091500,94),
(1144200,94),
(1172470,94),
(1172620,94),
(1190970,94),
(1285190,94),
(1304930,94),
(1326470,94),
(1465360,94),
(1466060,94),
(1771300,94),
(1874880,94),
(1943950,94),
(1962700,94),
(2073620,94),
(2073850,94),
(2138330,94),
(2141730,94),
(2300320,94),
(2357570,94),
(2569760,94),
(2806050,94),
(2968420,94),
(3017860,94),
(3065800,94),
(3164500,94),
(3240220,94),
(3241660,94),
(3527290,94),
(3656800,94),
(3712080,94),
(3764200,94),
(3844970,94),
(3892270,94),
(3932890,94),
(3949040,94),
(4435490,94),
(1868140,95),
(236390,96),
(2537590,96),
(4032350,97),
(1665460,98),
(2138720,98),
(3405690,98),
(440,99),
(570,99),
(230410,99),
(236390,99),
(438100,99),
(835570,99),
(1085660,99),
(1172470,99),
(1222670,99),
(1284210,99),
(1286830,99),
(1449850,99),
(1665460,99),
(1973530,99),
(1974050,99),
(2073620,99),
(2073850,99),
(2074920,99),
(2139460,99),
(2357570,99),
(2507950,99),
(2767030,99),
(3028330,99),
(3513350,99),
(3564740,99),
(3679080,99),
(4025700,99),
(4162040,99),
(4508340,99),
(440,100),
(4000,100),
(438100,100),
(728880,100),
(1671210,100),
(2215200,100),
(2881650,100),
(3557620,100),
(3844970,100),
(3949040,100),
(4069520,100),
(4162040,100),
(4704690,100),
(311210,101),
(1091500,101),
(3065800,101),
(3892270,102),
(2688950,103),
(4069520,104),
(381210,105),
(418370,105),
(883710,105),
(934700,105),
(1361210,105),
(2138330,105),
(3017860,105),
(1297900,106),
(281990,107),
(394360,107),
(529340,107),
(1142710,107),
(1158310,107),
(1295660,107),
(1363080,107),
(3105440,107),
(250900,108),
(268910,108),
(601150,108),
(753640,108),
(1671210,108),
(1903340,108),
(1973530,108),
(2124490,108),
(4162040,108),
(2073620,109),
(2507950,109),
(3932890,109),
(4435490,109),
(601150,110),
(1974050,110),
(2244210,110),
(2344520,110),
(2694490,110),
(4162040,110),
(268910,111),
(4704690,111),
(218620,112),
(2073620,112),
(3844970,112),
(440,113),
(311210,113),
(359550,113),
(1172470,113),
(2357570,113),
(2767030,113),
(4197610,114),
(4704690,114),
(394360,115),
(529340,115),
(813780,115),
(1158310,115),
(1295660,115),
(1363080,115),
(1771300,115),
(3159330,115),
(3274580,115),
(3751950,115),
(2537590,116),
(376210,117),
(381210,117),
(418370,117),
(594650,117),
(739630,117),
(883710,117),
(934700,117),
(1144200,117),
(1304930,117),
(1326470,117),
(1361210,117),
(1943950,117),
(1962700,117),
(2050650,117),
(2124490,117),
(2141730,117),
(2569760,117),
(2881650,117),
(2947440,117),
(3241660,117),
(3764200,117),
(3844970,117),
(1174180,118),
(376210,119),
(518790,119),
(2246340,119),
(2138720,120),
(1190970,121),
(3656800,121),
(250900,122),
(268910,122),
(413150,122),
(431960,122),
(728880,122),
(1118520,122),
(1623730,122),
(3949040,122),
(4148240,123),
(739630,124),
(2344520,125),
(2694490,125),
(881020,126),
(1903340,126),
(2244210,126),
(3839790,126),
(4508340,126),
(1118520,127),
(413150,128),
(1118520,128),
(1158310,128),
(1222670,128),
(1401590,128),
(2209900,128),
(4025700,128),
(4380490,128),
(4508340,128),
(268910,129),
(371970,129),
(728880,129),
(1426210,129),
(2001120,129),
(2968420,129),
(3405690,129),
(3808690,129),
(4032350,129),
(371970,130),
(728880,130),
(1364780,130),
(1426210,130),
(1665460,130),
(2968420,130),
(632360,131),
(1285190,131),
(1974050,131),
(2344520,131),
(2694490,131),
(218620,132),
(230410,132),
(632360,132),
(1085660,132),
(1285190,132),
(2074920,132),
(3932890,132),
(1903340,133),
(1973530,133),
(2778580,133),
(3557620,133),
(2569760,134),
(306130,135),
(582660,135),
(835570,135),
(1085660,135),
(1284210,135),
(1286830,135),
(2694490,135),
(3767850,135),
(570,136),
(2357570,136),
(489830,137),
(294100,138),
(427520,138),
(529340,138),
(949230,138),
(1158310,138),
(1363080,138),
(1868140,138),
(2958130,138),
(3164500,138),
(3472040,138),
(4210580,138),
(4380490,138),
(1203220,139),
(3564740,139),
(230410,140),
(266410,140),
(306130,140),
(376210,140),
(438100,140),
(440900,140),
(454650,140),
(513710,140),
(835570,140),
(1203220,140),
(1284210,140),
(1286830,140),
(1431300,140),
(2139460,140),
(2507950,140),
(3767850,140),
(261550,141),
(582660,141),
(813780,141),
(835570,141),
(1158310,141),
(1363080,141),
(1771300,141),
(3321460,141),
(431960,142),
(438100,142),
(236390,143),
(394360,143),
(552990,143),
(1295660,143),
(1874880,143),
(2807960,143),
(3028330,143),
(3932890,143),
(4210580,144),
(4000,145),
(12210,145),
(227300,145),
(270880,145),
(294100,145),
(489830,145),
(949230,145),
(2807960,146),
(3028330,146),
(440,147),
(570,147),
(730,147),
(4000,147),
(12210,147),
(105600,147),
(202970,147),
(218620,147),
(251570,147),
(252490,147),
(261550,147),
(266410,147),
(268910,147),
(275850,147),
(281990,147),
(284160,147),
(306130,147),
(311210,147),
(322330,147),
(346110,147),
(359550,147),
(371970,147),
(376210,147),
(381210,147),
(394360,147),
(413150,147),
(427520,147),
(438100,147),
(440900,147),
(454650,147),
(518790,147),
(526870,147),
(552990,147),
(553850,147),
(578080,147),
(582010,147),
(594650,147),
(632360,147),
(648800,147),
(728880,147),
(739630,147),
(813780,147),
(881020,147),
(892970,147),
(1085660,147),
(1144200,147),
(1151340,147),
(1172470,147),
(1172620,147),
(1174180,147),
(1203220,147),
(1203620,147),
(1245620,147),
(1286830,147),
(1289670,147),
(1295660,147),
(1304930,147),
(1326470,147),
(1364780,147),
(1374490,147),
(1426210,147),
(1449850,147),
(1465360,147),
(1623730,147),
(1659040,147),
(1665460,147),
(1805110,147),
(1808500,147),
(1874880,147),
(1943950,147),
(1962700,147),
(1974050,147),
(2073620,147),
(2073850,147),
(2074920,147),
(2138720,147),
(2139460,147),
(2141730,147),
(2183900,147),
(2215200,147),
(2246340,147),
(2300320,147),
(2344520,147),
(2357570,147),
(2399830,147),
(2483190,147),
(2507950,147),
(2537590,147),
(2622380,147),
(2767030,147),
(2807960,147),
(2868840,147),
(2881650,147),
(2968420,147),
(3028330,147),
(3059520,147),
(3065800,147),
(3105440,147),
(3124540,147),
(3164500,147),
(3240220,147),
(3241660,147),
(3405690,147),
(3472040,147),
(3527290,147),
(3564740,147),
(3679080,147),
(3712080,147),
(3839790,147),
(3844970,147),
(3892270,147),
(3949040,147),
(4025700,147),
(4032350,147),
(4069520,147),
(4380490,147),
(4435490,147),
(4704690,147),
(753640,148),
(2358720,149),
(518790,150),
(3712080,150),
(552990,151),
(3041230,151),
(3751950,151),
(3159330,152),
(440900,153),
(513710,153),
(601150,153),
(1091500,153),
(1547000,153),
(2138330,153),
(2592160,153),
(570,154),
(202970,154),
(218620,154),
(230410,154),
(251570,154),
(322330,154),
(359550,154),
(371970,154),
(381210,154),
(454650,154),
(553850,154),
(578080,154),
(632360,154),
(648800,154),
(728880,154),
(739630,154),
(881020,154),
(892970,154),
(1172620,154),
(1203620,154),
(1374490,154),
(1426210,154),
(1623730,154),
(1805110,154),
(1808500,154),
(1943950,154),
(2001120,154),
(2074920,154),
(2138720,154),
(2141730,154),
(2246340,154),
(2344520,154),
(2622380,154),
(2679100,154),
(2881650,154),
(2968420,154),
(3041230,154),
(3059520,154),
(3124540,154),
(3241660,154),
(3405690,154),
(3527290,154),
(3679080,154),
(3712080,154),
(3839790,154),
(3892270,154),
(3949040,154),
(4032350,154),
(4069520,154),
(4210580,154),
(4380490,154),
(4704690,154),
(12210,155),
(227300,155),
(251570,155),
(252490,155),
(261550,155),
(270880,155),
(275850,155),
(284160,155),
(306130,155),
(322330,155),
(346110,155),
(376210,155),
(427520,155),
(438100,155),
(440900,155),
(489830,155),
(513710,155),
(518790,155),
(526870,155),
(582010,155),
(594650,155),
(648800,155),
(753640,155),
(892970,155),
(1085660,155),
(1091500,155),
(1118520,155),
(1151340,155),
(1172620,155),
(1174180,155),
(1203620,155),
(1245620,155),
(1285190,155),
(1286830,155),
(1326470,155),
(1374490,155),
(1431300,155),
(1465360,155),
(1466060,155),
(1547000,155),
(1623730,155),
(1771300,155),
(1805110,155),
(1962700,155),
(2138330,155),
(2139460,155),
(2215200,155),
(2246340,155),
(2399830,155),
(2483190,155),
(2651280,155),
(2679100,155),
(3159330,155),
(3164500,155),
(3240220,155),
(3321460,155),
(3513350,155),
(3564740,155),
(3679080,155),
(3751950,155),
(3767850,155),
(4508340,155),
(105600,156),
(251570,156),
(252490,156),
(275850,156),
(322330,156),
(346110,156),
(440900,156),
(513710,156),
(648800,156),
(892970,156),
(1374490,156),
(1623730,156),
(1805110,156),
(2139460,156),
(2679100,156),
(3041230,156),
(4197610,157),
(4704690,158),
(4000,159),
(284160,159),
(2881650,159),
(3241660,159),
(3527290,159),
(3712080,159),
(3844970,159),
(3892270,159),
(3949040,159),
(4069520,159),
(1172620,160),
(1431300,160),
(3041230,160),
(3751950,160),
(105600,161),
(250900,161),
(413150,161),
(1671210,161),
(1868140,161),
(268910,162),
(2524850,162),
(2868840,163),
(529340,164),
(529340,165),
(251570,166),
(934700,166),
(1151340,166),
(1808500,166),
(2139460,166),
(4162040,166),
(275850,167),
(2881650,167),
(3527290,167),
(3712080,167),
(2124490,168),
(2947440,168),
(418370,169),
(739630,169),
(1304930,169),
(1943950,169),
(2124490,169),
(2141730,169),
(2569760,169),
(2947440,169),
(3932890,169),
(753640,170),
(883710,170),
(1289670,170),
(1332010,170),
(1426210,170),
(4197610,170),
(553850,171),
(1085660,171),
(1285190,171),
(1304930,171),
(1361210,171),
(1808500,171),
(2183900,171),
(2622380,171),
(3041230,171),
(3065800,171),
(3124540,171),
(3557620,171),
(3767850,171),
(3844970,171),
(570,172),
(730,172),
(252490,172),
(359550,172),
(552990,172),
(578080,172),
(582660,172),
(594650,172),
(835570,172),
(1085660,172),
(1172470,172),
(1172620,172),
(1203220,172),
(1284210,172),
(1364780,172),
(1431300,172),
(1449850,172),
(1665460,172),
(1808500,172),
(2073850,172),
(2138720,172),
(2357570,172),
(2767030,172),
(3059520,172),
(3065800,172),
(4032350,172),
(4435490,172),
(230410,173),
(261550,173),
(306130,173),
(413150,173),
(440900,173),
(454650,173),
(489830,173),
(582010,173),
(881020,173),
(1086940,173),
(1091500,173),
(1151340,173),
(1158310,173),
(1203620,173),
(1245620,173),
(1284210,173),
(1285190,173),
(1286830,173),
(1297900,173),
(1466060,173),
(1671210,173),
(1771300,173),
(1868140,173),
(1903340,173),
(1973530,173),
(1974050,173),
(2074920,173),
(2138330,173),
(2186680,173),
(2244210,173),
(2344520,173),
(2358720,173),
(2694490,173),
(2778580,173),
(3105440,173),
(3321460,173),
(3513350,173),
(3557620,173),
(3679080,173),
(3767850,173),
(3839790,173),
(4148240,173),
(4508340,173),
(813780,174),
(1142710,174),
(1289670,174),
(3274580,174),
(266410,175),
(284160,175),
(1289670,175),
(2483190,175),
(3059520,175),
(1142710,176),
(281990,177),
(227300,178),
(266410,178),
(270880,178),
(284160,178),
(376210,178),
(513710,178),
(518790,178),
(949230,178),
(1144200,178),
(1174180,178),
(1297900,178),
(1465360,178),
(1771300,178),
(1874880,178),
(2073620,178),
(2141730,178),
(2300320,178),
(2483190,178),
(2537590,178),
(2688950,178),
(2807960,178),
(3405690,178),
(227300,179),
(270880,179),
(413150,179),
(518790,179),
(1118520,179),
(1190970,179),
(1401590,179),
(1868140,179),
(2209900,179),
(2968420,179),
(4025700,179),
(4197610,179),
(4380490,179),
(883710,180),
(2050650,180),
(2124490,180),
(250900,181),
(427520,182),
(526870,182),
(813780,182),
(2958130,182),
(1332010,183),
(250900,184),
(371970,184),
(632360,184),
(2622380,184),
(2868840,184),
(3808690,184),
(2868840,185),
(632360,186),
(2569760,186),
(2622380,186),
(1086940,187),
(1222670,187),
(2209900,187),
(2592160,187),
(1172620,188),
(3159330,189),
(4000,190),
(105600,190),
(252490,190),
(261550,190),
(275850,190),
(281990,190),
(284160,190),
(294100,190),
(322330,190),
(427520,190),
(440900,190),
(526870,190),
(582660,190),
(835570,190),
(949230,190),
(1118520,190),
(1158310,190),
(1222670,190),
(1363080,190),
(1401590,190),
(1465360,190),
(1659040,190),
(1805110,190),
(1874880,190),
(2399830,190),
(2537590,190),
(2688950,190),
(2958130,190),
(2968420,190),
(3274580,190),
(4210580,190),
(275850,191),
(281990,191),
(294100,191),
(553850,191),
(1091500,191),
(1286830,191),
(1808500,191),
(2001120,191),
(2183900,191),
(2806050,191),
(3017860,191),
(3065800,191),
(2524850,192),
(2958130,193),
(601150,194),
(1086940,194),
(1547000,194),
(2074920,194),
(2138330,194),
(2592160,194),
(2767030,194),
(3240220,194),
(4148240,194),
(440,195),
(730,195),
(202970,195),
(218620,195),
(311210,195),
(359550,195),
(552990,195),
(553850,195),
(578080,195),
(1085660,195),
(1144200,195),
(1151340,195),
(1172470,195),
(1174180,195),
(1289670,195),
(1659040,195),
(1808500,195),
(1874880,195),
(2073620,195),
(2073850,195),
(2074920,195),
(2507950,195),
(2806050,195),
(2807960,195),
(3017860,195),
(3028330,195),
(3065800,195),
(3124540,195),
(3240220,195),
(3808690,195),
(3932890,195),
(4435490,195),
(227300,196),
(236390,196),
(266410,196),
(270880,196),
(281990,196),
(284160,196),
(294100,196),
(376210,196),
(394360,196),
(413150,196),
(518790,196),
(529340,196),
(949230,196),
(1118520,196),
(1158310,196),
(1190970,196),
(1222670,196),
(1289670,196),
(1295660,196),
(1363080,196),
(1401590,196),
(1449850,196),
(1465360,196),
(1665460,196),
(1874880,196),
(2138720,196),
(2209900,196),
(2300320,196),
(2483190,196),
(2537590,196),
(2688950,196),
(2958130,196),
(2968420,196),
(3059520,196),
(3105440,196),
(3164500,196),
(3274580,196),
(3405690,196),
(3472040,196),
(3656800,196),
(4025700,196),
(4032350,196),
(4197610,196),
(4210580,196),
(4380490,196),
(4000,197),
(12210,197),
(202970,197),
(250900,197),
(261550,197),
(266410,197),
(294100,197),
(306130,197),
(311210,197),
(418370,197),
(489830,197),
(513710,197),
(601150,197),
(753640,197),
(813780,197),
(881020,197),
(883710,197),
(949230,197),
(1091500,197),
(1118520,197),
(1144200,197),
(1174180,197),
(1222670,197),
(1245620,197),
(1332010,197),
(1401590,197),
(1466060,197),
(1547000,197),
(1659040,197),
(1665460,197),
(1671210,197),
(1771300,197),
(1868140,197),
(1903340,197),
(1973530,197),
(2050650,197),
(2124490,197),
(2138330,197),
(2244210,197),
(2344520,197),
(2358720,197),
(2507950,197),
(2537590,197),
(2592160,197),
(2622380,197),
(2651280,197),
(2688950,197),
(2778580,197),
(2806050,197),
(2807960,197),
(3017860,197),
(3028330,197),
(3321460,197),
(3405690,197),
(3472040,197),
(3557620,197),
(3564740,197),
(3764200,197),
(3768760,197),
(3839790,197),
(4197610,197),
(2524850,198),
(431960,199),
(1245620,200),
(2244210,200),
(2358720,200),
(2622380,200),
(2694490,200),
(2778580,200),
(2947440,200),
(3564740,200),
(275850,201),
(281990,201),
(753640,201),
(2806050,201),
(601150,202),
(1426210,203),
(2001120,203),
(266410,204),
(1289670,204),
(1665460,204),
(2138720,204),
(2483190,204),
(3059520,204),
(3405690,204),
(3472040,204),
(4032350,204),
(4069520,204),
(218620,205),
(518790,205),
(1304930,205),
(1659040,205),
(2651280,205),
(3159330,205),
(3241660,205),
(3751950,205),
(3768760,205),
(4704690,205),
(489830,206),
(753640,206),
(1086940,206),
(1091500,206),
(1174180,206),
(1286830,206),
(1426210,206),
(1671210,206),
(1771300,206),
(1903340,206),
(1973530,206),
(2001120,206),
(2050650,206),
(2124490,206),
(2138330,206),
(2358720,206),
(2524850,206),
(2592160,206),
(2651280,206),
(2947440,206),
(3513350,206),
(3557620,206),
(3679080,206),
(3768760,206),
(4148240,206),
(4162040,206),
(4435490,206),
(570,207),
(261550,207),
(281990,207),
(294100,207),
(394360,207),
(427520,207),
(529340,207),
(813780,207),
(835570,207),
(949230,207),
(1142710,207),
(1158310,207),
(1289670,207),
(1295660,207),
(1363080,207),
(1449850,207),
(1874880,207),
(1973530,207),
(2186680,207),
(2688950,207),
(2868840,207),
(2958130,207),
(3105440,207),
(3274580,207),
(3557620,207),
(3656800,207),
(4032350,207),
(4162040,208),
(2215200,209),
(2592160,209),
(2651280,209),
(2767030,209),
(739630,210),
(2209900,210),
(105600,211),
(251570,211),
(252490,211),
(275850,211),
(294100,211),
(322330,211),
(346110,211),
(376210,211),
(381210,211),
(427520,211),
(440900,211),
(513710,211),
(518790,211),
(578080,211),
(648800,211),
(892970,211),
(1151340,211),
(1203220,211),
(1203620,211),
(1326470,211),
(1374490,211),
(1431300,211),
(1623730,211),
(1805110,211),
(1808500,211),
(1962700,211),
(2050650,211),
(2139460,211),
(2399830,211),
(3041230,211),
(3241660,211),
(381210,212),
(418370,212),
(883710,212),
(1304930,212),
(1326470,212),
(1943950,212),
(1962700,212),
(2050650,212),
(2124490,212),
(2141730,212),
(2947440,212),
(3712080,212),
(3764200,212),
(3932890,212),
(835570,213),
(730,214),
(359550,214),
(394360,214),
(578080,214),
(594650,214),
(1144200,214),
(2073620,214),
(3105440,214),
(3932890,214),
(2186680,215),
(440,216),
(570,216),
(730,216),
(202970,216),
(381210,216),
(552990,216),
(594650,216),
(1172470,216),
(2073850,216),
(2138720,216),
(2357570,216),
(2767030,216),
(12210,217),
(230410,217),
(381210,217),
(582010,217),
(601150,217),
(883710,217),
(1245620,217),
(1284210,217),
(1297900,217),
(1466060,217),
(1659040,217),
(2074920,217),
(2124490,217),
(2183900,217),
(2215200,217),
(2246340,217),
(2300320,217),
(2357570,217),
(2622380,217),
(2651280,217),
(3240220,217),
(3656800,217),
(3751950,217),
(3768760,217),
(12210,218),
(230410,218),
(552990,218),
(553850,218),
(578080,218),
(632360,218),
(1547000,218),
(1808500,218),
(2050650,218),
(2074920,218),
(2183900,218),
(2357570,218),
(2767030,218),
(3764200,218),
(3768760,218),
(2300320,219),
(3808690,220),
(3767850,221),
(1449850,222),
(2524850,223),
(3656800,223),
(227300,224),
(270880,224),
(3656800,224),
(1086940,225),
(1903340,225),
(1973530,225),
(2186680,225),
(2868840,225),
(1142710,226),
(2186680,226),
(3105440,226),
(1449850,227),
(1973530,227),
(1868140,228),
(1962700,228),
(431960,229),
(236390,230),
(266410,230),
(418370,230),
(438100,230),
(739630,230),
(1659040,230),
(2537590,230),
(3059520,230),
(2209900,231),
(236390,232),
(552990,232),
(1431300,232),
(381210,233),
(1361210,233),
(1547000,233),
(1659040,233),
(2138330,233),
(2569760,233),
(1973530,234),
(251570,235),
(202970,236),
(236390,236),
(261550,236),
(394360,236),
(552990,236),
(582660,236),
(1142710,236),
(2807960,236),
(3028330,236),
(3105440,236),
(835570,237),
(2183900,237),
(594650,238),
(1174180,238),
(3124540,238),
(236390,239),
(394360,239),
(552990,239),
(251570,240),
(311210,240),
(418370,240),
(513710,240),
(883710,240),
(934700,240),
(2050650,240),
(3764200,240),
(570,241),
(730,241),
(359550,241),
(1665460,241),
(2138720,241),
(3472040,241);
/*!40000 ALTER TABLE `GameTags` ENABLE KEYS */;
UNLOCK TABLES;
COMMIT;
SET AUTOCOMMIT=@OLD_AUTOCOMMIT;

--
-- Table structure for table `Games`
--

DROP TABLE IF EXISTS `Games`;
/*!40101 SET @saved_cs_client     = @@character_set_client */;
/*!40101 SET character_set_client = utf8mb4 */;
CREATE TABLE `Games` (
  `id` int(11) NOT NULL AUTO_INCREMENT,
  `title` varchar(255) NOT NULL,
  `price` decimal(10,2) NOT NULL,
  `release_date` date DEFAULT NULL,
  `review_summary` varchar(255) DEFAULT NULL,
  `review_count` int(11) NOT NULL,
  `game_url` varchar(255) NOT NULL,
  `dev_id` int(11) NOT NULL,
  `pub_id` int(11) NOT NULL,
  PRIMARY KEY (`id`),
  KEY `dev_id` (`dev_id`),
  KEY `pub_id` (`pub_id`),
  CONSTRAINT `Games_ibfk_1` FOREIGN KEY (`dev_id`) REFERENCES `Developers` (`dev_id`),
  CONSTRAINT `Games_ibfk_2` FOREIGN KEY (`pub_id`) REFERENCES `Publishers` (`pub_id`)
) ENGINE=InnoDB AUTO_INCREMENT=4704691 DEFAULT CHARSET=utf8mb4 COLLATE=utf8mb4_uca1400_ai_ci;
/*!40101 SET character_set_client = @saved_cs_client */;

--
-- Dumping data for table `Games`
--

SET @OLD_AUTOCOMMIT=@@AUTOCOMMIT, @@AUTOCOMMIT=0;
LOCK TABLES `Games` WRITE;
/*!40000 ALTER TABLE `Games` DISABLE KEYS */;
INSERT INTO `Games` VALUES
(440,'Team Fortress 2',0.00,'2007-10-10','Very Positive',738768,'https://store.steampowered.com/app/440',90,87),
(570,'Dota 2',0.00,'2013-07-09','Mixed',833284,'https://store.steampowered.com/app/570',90,87),
(730,'Counter-Strike 2',0.00,'2012-08-21','Very Positive',2577371,'https://store.steampowered.com/app/730',90,87),
(4000,'Garry\'s Mod',89999.00,'2006-11-29','Overwhelmingly Positive',533795,'https://store.steampowered.com/app/4000',30,84),
(12210,'Grand Theft Auto IV: The Complete Edition',0.00,'2020-03-24','Very Positive',71999,'https://store.steampowered.com/app/12210',70,70),
(105600,'Terraria',90999.00,'2011-05-16','Overwhelmingly Positive',596652,'https://store.steampowered.com/app/105600',66,68),
(202970,'Call of Duty®: Black Ops II',599000.00,'2012-11-12','Very Positive',12546,'https://store.steampowered.com/app/202970',87,2),
(218620,'PAYDAY 2',1823076.00,'2013-08-13','Very Positive',174924,'https://store.steampowered.com/app/218620',58,76),
(227300,'Euro Truck Simulator 2',175999.00,'2012-10-18','Overwhelmingly Positive',143567,'https://store.steampowered.com/app/227300',71,71),
(230410,'Warframe',0.00,'2013-03-25','Very Positive',297938,'https://store.steampowered.com/app/230410',23,24),
(236390,'War Thunder',0.00,'2013-08-15','Mixed',320762,'https://store.steampowered.com/app/236390',87,38),
(250900,'The Binding of Isaac: Rebirth',95999.00,'2014-11-04','Very Positive',155634,'https://store.steampowered.com/app/250900',56,60),
(251570,'7 Days to Die',338999.00,'2024-07-25','Mostly Positive',125607,'https://store.steampowered.com/app/251570',81,82),
(252490,'Rust',329000.00,'2018-02-08','Very Positive',527253,'https://store.steampowered.com/app/252490',30,29),
(261550,'Mount & Blade II: Bannerlord',549000.00,'2022-10-25','Very Positive',97797,'https://store.steampowered.com/app/261550',79,80),
(266410,'iRacing',0.00,'2015-01-12','Mostly Positive',3170,'https://store.steampowered.com/app/266410',87,84),
(268910,'Cuphead',135999.00,'2017-09-29','Very Positive',65034,'https://store.steampowered.com/app/268910',87,84),
(270880,'American Truck Simulator',175999.00,'2016-02-02','Overwhelmingly Positive',93813,'https://store.steampowered.com/app/270880',71,71),
(275850,'No Man\'s Sky',0.00,'2016-08-12','Very Positive',182478,'https://store.steampowered.com/app/275850',41,42),
(281990,'Stellaris',563999.00,'2016-05-09','Mostly Positive',76391,'https://store.steampowered.com/app/281990',60,62),
(284160,'BeamNG.drive',206999.00,'2015-05-29','Overwhelmingly Positive',204067,'https://store.steampowered.com/app/284160',8,12),
(294100,'RimWorld',284999.00,'2018-10-17','Overwhelmingly Positive',118193,'https://store.steampowered.com/app/294100',49,52),
(306130,'The Elder Scrolls® Online',266000.00,'2014-04-04','Mixed',74299,'https://store.steampowered.com/app/306130',96,14),
(311210,'Call of Duty®: Black Ops III',891000.00,'2015-11-05','Very Positive',118290,'https://store.steampowered.com/app/311210',6,2),
(322330,'Don\'t Starve Together',95999.00,'2016-04-21','Very Positive',81819,'https://store.steampowered.com/app/322330',47,50),
(346110,'ARK: Survival Evolved',209598.00,'2017-08-27','Very Positive',255433,'https://store.steampowered.com/app/346110',75,77),
(359550,'Tom Clancy\'s Rainbow Six Siege',0.00,'2015-12-01','Mostly Positive',795866,'https://store.steampowered.com/app/359550',84,83),
(371970,'Barony',165999.00,'2015-06-23','Very Positive',9754,'https://store.steampowered.com/app/371970',87,84),
(376210,'The Isle',165999.00,'2015-12-01','Mostly Positive',59776,'https://store.steampowered.com/app/376210',87,84),
(381210,'Dead by Daylight',219890.00,'2016-06-14','Mostly Positive',262976,'https://store.steampowered.com/app/381210',9,13),
(394360,'Hearts of Iron IV',563999.00,'2016-06-06','Very Positive',123706,'https://store.steampowered.com/app/394360',60,62),
(413150,'Stardew Valley',115999.00,'2016-02-26','Overwhelmingly Positive',390583,'https://store.steampowered.com/app/413150',21,21),
(418370,'Resident Evil 7 Biohazard',269749.00,'2017-01-23','Very Positive',32483,'https://store.steampowered.com/app/418370',16,18),
(427520,'Factorio',0.00,'2020-08-14','Overwhelmingly Positive',116655,'https://store.steampowered.com/app/427520',87,84),
(431960,'Wallpaper Engine',47499.00,'2018-11-16','Mostly Positive',229917,'https://store.steampowered.com/app/431960',87,84),
(438100,'VRChat',0.00,'2017-02-01','Mostly Positive',175790,'https://store.steampowered.com/app/438100',89,86),
(440900,'Conan Exiles Enhanced',625088.00,'2018-05-08','Mostly Positive',39357,'https://store.steampowered.com/app/440900',35,35),
(454650,'DRAGON BALL XENOVERSE 2',3169798.00,'2016-10-27','Very Positive',19243,'https://store.steampowered.com/app/454650',87,10),
(489830,'The Elder Scrolls V: Skyrim Special Edition',329999.00,'2016-10-27','Overwhelmingly Positive',128593,'https://store.steampowered.com/app/489830',10,14),
(513710,'SCUM',1329568.00,'2025-06-17','Mixed',37832,'https://store.steampowered.com/app/513710',87,84),
(518790,'theHunter: Call of the Wild™',165999.00,'2017-02-16','Very Positive',63391,'https://store.steampowered.com/app/518790',29,7),
(526870,'Satisfactory',51800.00,'2024-09-10','Overwhelmingly Positive',135659,'https://store.steampowered.com/app/526870',20,20),
(529340,'Victoria 3',1232489.00,'2022-10-25','Mixed',20521,'https://store.steampowered.com/app/529340',60,62),
(552990,'World of Warships',0.00,'2017-11-15','Mixed',49087,'https://store.steampowered.com/app/552990',92,88),
(553850,'HELLDIVERS™ 2',579000.00,'2024-02-08','Mostly Positive',629627,'https://store.steampowered.com/app/553850',4,64),
(578080,'PUBG: BATTLEGROUNDS',0.00,'2017-12-21','Mostly Positive',448193,'https://store.steampowered.com/app/578080',59,47),
(582010,'Monster Hunter: World',6514949.00,'2018-08-08','Very Positive',115135,'https://store.steampowered.com/app/582010',16,18),
(582660,'Black Desert',48999.00,'2023-09-05','Mixed',35749,'https://store.steampowered.com/app/582660',61,63),
(594650,'Hunt: Showdown 1896',255000.00,'2019-08-27','Mostly Positive',94248,'https://store.steampowered.com/app/594650',22,22),
(601150,'Devil May Cry 5',519000.00,'2019-03-07','Overwhelmingly Positive',39747,'https://store.steampowered.com/app/601150',16,18),
(632360,'Risk of Rain 2',119999.00,'2020-08-11','Very Positive',162379,'https://store.steampowered.com/app/632360',87,41),
(648800,'Raft',174999.00,'2022-06-20','Very Positive',129477,'https://store.steampowered.com/app/648800',87,9),
(728880,'Overcooked! 2',199999.00,'2018-08-07','Very Positive',14418,'https://store.steampowered.com/app/728880',80,81),
(739630,'Phasmophobia',0.00,'2020-09-18','Very Positive',357501,'https://store.steampowered.com/app/739630',46,49),
(753640,'Outer Wilds',110398.00,'2020-06-18','Very Positive',51768,'https://store.steampowered.com/app/753640',87,5),
(813780,'Age of Empires II: Definitive Edition',299500.00,'2019-11-14','Very Positive',61368,'https://store.steampowered.com/app/813780',94,92),
(835570,'Conqueror\'s Blade',0.00,'2020-04-05','Mixed',6832,'https://store.steampowered.com/app/835570',87,84),
(881020,'Granblue Fantasy: Relink',429000.00,'2024-01-31','Very Positive',11977,'https://store.steampowered.com/app/881020',87,84),
(883710,'Resident Evil 2',515248.00,'2019-01-24','Overwhelmingly Positive',57689,'https://store.steampowered.com/app/883710',16,18),
(892970,'Valheim',42999.00,'2021-02-02','Very Positive',256833,'https://store.steampowered.com/app/892970',87,20),
(934700,'Dead Island 2',306440.00,'2024-04-22','Mostly Positive',10205,'https://store.steampowered.com/app/934700',87,23),
(949230,'Cities: Skylines II',563999.00,'2023-10-24','Mostly Positive',33931,'https://store.steampowered.com/app/949230',43,62),
(1085660,'Destiny 2',0.00,'2019-10-01','Very Positive',388197,'https://store.steampowered.com/app/1085660',15,17),
(1086940,'Baldur\'s Gate 3',699999.00,'2023-08-03','Very Positive',445216,'https://store.steampowered.com/app/1086940',48,51),
(1091500,'Cyberpunk 2077',699999.00,'2020-12-09','Very Positive',382959,'https://store.steampowered.com/app/1091500',17,19),
(1118520,'Paralives',299999.00,'2026-05-25','Very Positive',13290,'https://store.steampowered.com/app/1118520',87,84),
(1142710,'Total War: WARHAMMER III',648999.00,'2022-02-16','Very Positive',55439,'https://store.steampowered.com/app/1142710',18,72),
(1144200,'Ready or Not',255999.00,'2023-12-13','Very Positive',148892,'https://store.steampowered.com/app/1144200',87,84),
(1151340,'Fallout 76',532000.00,'2020-04-14','Mixed',46275,'https://store.steampowered.com/app/1151340',10,14),
(1158310,'Crusader Kings III',563999.00,'2020-09-01','Very Positive',49642,'https://store.steampowered.com/app/1158310',60,62),
(1172470,'Apex Legends™',0.00,'2020-11-04','Mixed',446401,'https://store.steampowered.com/app/1172470',68,26),
(1172620,'Sea of Thieves: 2026 Edition',449000.00,'2020-06-03','Very Positive',146742,'https://store.steampowered.com/app/1172620',65,92),
(1174180,'Red Dead Redemption 2',0.00,'2019-12-05','Very Positive',306393,'https://store.steampowered.com/app/1174180',69,70),
(1190970,'House Flipper 2',303801.00,'2023-12-14','Very Positive',9284,'https://store.steampowered.com/app/1190970',34,34),
(1203220,'NARAKA: BLADEPOINT',0.00,'2021-08-11','Mixed',23649,'https://store.steampowered.com/app/1203220',87,84),
(1203620,'Enshrouded',239999.00,'2024-01-24','Mostly Positive',48178,'https://store.steampowered.com/app/1203620',87,84),
(1222670,'The Sims™ 4',0.00,'2014-09-02','Very Positive',105434,'https://store.steampowered.com/app/1222670',51,26),
(1245620,'ELDEN RING',599000.00,'2022-02-24','Very Positive',431771,'https://store.steampowered.com/app/1245620',87,10),
(1284210,'Guild Wars 2®',0.00,'2022-08-23','Very Positive',18538,'https://store.steampowered.com/app/1284210',3,6),
(1285190,'Borderlands 4',1090000.00,'2025-09-11','Mixed',42513,'https://store.steampowered.com/app/1285190',38,1),
(1286830,'STAR WARS™: The Old Republic™',0.00,'2011-12-20','Very Positive',52449,'https://store.steampowered.com/app/1286830',87,26),
(1289670,'EA Play',0.00,'2020-08-31','Mixed',10,'https://store.steampowered.com/app/1289670',26,26),
(1295660,'Sid Meier\'s Civilization VII',799000.00,'2025-02-10','Mixed',28704,'https://store.steampowered.com/app/1295660',32,1),
(1297900,'Gothic 1 Remake',573999.00,'2026-06-05','Very Positive',6940,'https://store.steampowered.com/app/1297900',87,79),
(1304930,'The Outlast Trials',256192.00,'2024-03-05','Very Positive',40885,'https://store.steampowered.com/app/1304930',67,69),
(1326470,'Sons Of The Forest',245999.00,'2024-02-22','Very Positive',116747,'https://store.steampowered.com/app/1326470',27,59),
(1332010,'Stray',34799.00,'2022-07-19','Overwhelmingly Positive',78683,'https://store.steampowered.com/app/1332010',87,5),
(1361210,'Warhammer 40,000: Darktide',1072894.00,'2022-11-30','Mostly Positive',73603,'https://store.steampowered.com/app/1361210',31,30),
(1363080,'Manor Lords',0.00,'2024-04-26','Mostly Positive',39384,'https://store.steampowered.com/app/1363080',73,43),
(1364780,'Street Fighter™ 6',3802097.00,'2023-06-01','Mostly Positive',20403,'https://store.steampowered.com/app/1364780',16,18),
(1374490,'RuneScape: Dragonwilds',319999.00,'2025-04-15','Mostly Positive',21308,'https://store.steampowered.com/app/1374490',44,45),
(1401590,'Disney Dreamlight Valley',525000.00,'2023-12-05','Very Positive',15505,'https://store.steampowered.com/app/1401590',37,39),
(1426210,'It Takes Two Friend\'s Pass',479000.00,'2021-03-25','Overwhelmingly Positive',47448,'https://store.steampowered.com/app/1426210',40,26),
(1431300,'SAND: Raiders of Sophie',119999.00,'2026-06-22','Mixed',6618,'https://store.steampowered.com/app/1431300',87,95),
(1449850,'Yu-Gi-Oh! Master Duel',0.00,'2022-01-18','Mixed',48501,'https://store.steampowered.com/app/1449850',45,46),
(1465360,'SnowRunner',1755780.00,'2021-05-17','Very Positive',18653,'https://store.steampowered.com/app/1465360',72,32),
(1466060,'Tainted Grail: The Fall of Avalon',110998.00,'2025-05-23','Very Positive',18805,'https://store.steampowered.com/app/1466060',64,8),
(1547000,'Grand Theft Auto: San Andreas – The Definitive Edition',119000.00,'2023-01-19','Very Positive',4757,'https://store.steampowered.com/app/1547000',69,70),
(1623730,'Palworld',39549.00,'2026-07-09','Very Positive',162191,'https://store.steampowered.com/app/1623730',63,66),
(1659040,'HITMAN World of Assassination',751999.00,'2022-01-20','Very Positive',29966,'https://store.steampowered.com/app/1659040',42,44),
(1665460,'eFootball™',0.00,'2021-09-29','Mixed',29270,'https://store.steampowered.com/app/1665460',45,46),
(1671210,'DELTARUNE',206999.00,'2025-06-04','Overwhelmingly Positive',57746,'https://store.steampowered.com/app/1671210',99,96),
(1675200,'Steam Deck',0.00,NULL,NULL,0,'https://store.steampowered.com/app/1675200',87,84),
(1771300,'Kingdom Come: Deliverance II',641000.00,'2025-02-04','Very Positive',66046,'https://store.steampowered.com/app/1771300',93,23),
(1805110,'Solarpunk™',101198.00,'2026-06-08','Very Positive',1489,'https://store.steampowered.com/app/1805110',77,94),
(1808500,'ARC Raiders',479000.00,'2025-10-30','Mixed',196504,'https://store.steampowered.com/app/1808500',87,84),
(1868140,'DAVE THE DIVER',165999.00,'2023-06-28','Very Positive',50144,'https://store.steampowered.com/app/1868140',50,53),
(1874880,'Arma Reforger',499999.00,'2023-11-16','Very Positive',30235,'https://store.steampowered.com/app/1874880',14,16),
(1903340,'Clair Obscur: Expedition 33',499000.00,'2025-04-24','Very Positive',100813,'https://store.steampowered.com/app/1903340',87,48),
(1943950,'Escape the Backrooms',84500.00,'2025-10-23','Very Positive',43778,'https://store.steampowered.com/app/1943950',11,73),
(1962700,'Subnautica 2',350999.00,'2026-05-14','Very Positive',69806,'https://store.steampowered.com/app/1962700',88,85),
(1973530,'Limbus Company',0.00,'2023-02-26','Very Positive',48232,'https://store.steampowered.com/app/1973530',87,84),
(1974050,'Torchlight: Infinite',0.00,'2023-05-09','Mixed',8129,'https://store.steampowered.com/app/1974050',77,90),
(2001120,'Split Fiction',569000.00,'2025-03-06','Overwhelmingly Positive',23234,'https://store.steampowered.com/app/2001120',40,26),
(2050650,'Resident Evil 4',1320773.00,'2023-03-23','Overwhelmingly Positive',69174,'https://store.steampowered.com/app/2050650',16,18),
(2073620,'Arena Breakout: Infinite',0.00,'2025-09-15','Mostly Positive',30119,'https://store.steampowered.com/app/2073620',87,84),
(2073850,'THE FINALS',0.00,'2023-12-07','Mostly Positive',155373,'https://store.steampowered.com/app/2073850',87,84),
(2074920,'The First Descendant',0.00,'2024-06-30','Mixed',50560,'https://store.steampowered.com/app/2074920',54,55),
(2124490,'SILENT HILL 2',1433000.00,'2024-10-07','Very Positive',22996,'https://store.steampowered.com/app/2124490',13,46),
(2138330,'Cyberpunk 2077: Phantom Liberty',349999.00,'2023-09-25','Very Positive',10732,'https://store.steampowered.com/app/2138330',17,19),
(2138720,'REMATCH',245999.00,'2025-06-19','Mostly Positive',16507,'https://store.steampowered.com/app/2138720',74,74),
(2139460,'Once Human',0.00,'2024-07-09','Very Positive',86046,'https://store.steampowered.com/app/2139460',87,84),
(2141730,'Backrooms: Escape Together',90999.00,'2022-10-18','Very Positive',14402,'https://store.steampowered.com/app/2141730',87,84),
(2183900,'Warhammer 40,000: Space Marine 2',1489400.00,'2024-09-09','Very Positive',94295,'https://store.steampowered.com/app/2183900',72,32),
(2186680,'Warhammer 40,000: Rogue Trader',375999.00,'2023-12-07','Very Positive',18757,'https://store.steampowered.com/app/2186680',87,84),
(2209900,'Moonlight Peaks',499999.00,'2026-07-06','Very Positive',1119,'https://store.steampowered.com/app/2209900',87,91),
(2215200,'LEGO® Batman™: Legacy of the Dark Knight',1149000.00,'2026-05-22','Very Positive',6129,'https://store.steampowered.com/app/2215200',78,89),
(2244210,'Echoes of Aincrad',799000.00,'2026-07-09','Mixed',1839,'https://store.steampowered.com/app/2244210',87,11),
(2246340,'Monster Hunter Wilds',6535999.00,'2025-02-27','Mixed',83628,'https://store.steampowered.com/app/2246340',16,18),
(2300320,'Farming Simulator 25',326000.00,'2024-11-12','Very Positive',14914,'https://store.steampowered.com/app/2300320',36,37),
(2344520,'Diablo® IV',744000.00,'2023-10-17','Mixed',20421,'https://store.steampowered.com/app/2344520',12,15),
(2357570,'Overwatch®',0.00,'2023-08-10','Mixed',164238,'https://store.steampowered.com/app/2357570',12,15),
(2358720,'Black Myth: Wukong',699999.00,'2024-08-19','Very Positive',69740,'https://store.steampowered.com/app/2358720',87,84),
(2399830,'ARK: Survival Ascended',1679846.00,'2023-10-25','Mixed',57340,'https://store.steampowered.com/app/2399830',75,77),
(2483190,'Forza Horizon 6',899000.00,'2026-05-18','Mostly Positive',38376,'https://store.steampowered.com/app/2483190',62,92),
(2507950,'Delta Force',0.00,'2024-12-04','Mixed',67568,'https://store.steampowered.com/app/2507950',87,84),
(2524850,'Denshattack!',125498.00,'2026-07-15','Overwhelmingly Positive',1048,'https://store.steampowered.com/app/2524850',85,31),
(2537590,'Microsoft Flight Simulator 2024',1040000.00,'2024-11-19','Mostly Positive',12379,'https://store.steampowered.com/app/2537590',5,92),
(2569760,'The Mound: Omen of Cthulhu',126498.00,'2026-07-15','Mixed',1750,'https://store.steampowered.com/app/2569760',1,57),
(2592160,'Dispatch',129598.00,'2025-10-22','Overwhelmingly Positive',106530,'https://store.steampowered.com/app/2592160',2,3),
(2622380,'ELDEN RING NIGHTREIGN',399000.00,'2025-05-29','Mostly Positive',74203,'https://store.steampowered.com/app/2622380',87,10),
(2651280,'Marvel\'s Spider-Man 2',879000.00,'2025-01-30','Very Positive',16052,'https://store.steampowered.com/app/2651280',57,64),
(2679100,'Witchspire',134999.00,'2026-06-10','Very Positive',1595,'https://store.steampowered.com/app/2679100',28,27),
(2688950,'Planet Coaster 2',375999.00,'2024-11-06','Very Positive',8273,'https://store.steampowered.com/app/2688950',33,33),
(2694490,'Path of Exile 2',478185.00,'2024-12-06','Mostly Positive',96046,'https://store.steampowered.com/app/2694490',87,84),
(2767030,'Marvel Rivals',0.00,'2024-12-05','Mixed',291159,'https://store.steampowered.com/app/2767030',87,84),
(2778580,'ELDEN RING Shadow of the Erdtree',599000.00,'2024-06-20','Mixed',41197,'https://store.steampowered.com/app/2778580',87,10),
(2806050,'Halo: Campaign Evolved',799000.00,'2026-07-28',NULL,0,'https://store.steampowered.com/app/2806050',39,92),
(2807960,'Battlefield™ 6',799000.00,'2025-10-10','Mixed',148383,'https://store.steampowered.com/app/2807960',7,26),
(2868840,'Slay the Spire 2',211000.00,'2026-03-05','Mixed',65079,'https://store.steampowered.com/app/2868840',52,54),
(2881650,'Content Warning',0.00,'2024-04-01','Very Positive',34587,'https://store.steampowered.com/app/2881650',87,28),
(2947440,'SILENT HILL f',1433000.00,'2025-09-24','Mostly Positive',8895,'https://store.steampowered.com/app/2947440',87,46),
(2958130,'Jurassic World Evolution 3',629999.00,'2025-10-21','Overwhelmingly Positive',6880,'https://store.steampowered.com/app/2958130',33,33),
(2968420,'PowerWash Simulator 2',157300.00,'2025-10-23','Very Positive',7123,'https://store.steampowered.com/app/2968420',77,36),
(3017860,'DOOM: The Dark Ages',999999.00,'2025-05-14','Very Positive',18683,'https://store.steampowered.com/app/3017860',87,14),
(3028330,'Battlefield™ REDSEC',0.00,'2025-10-28','Mostly Negative',9625,'https://store.steampowered.com/app/3028330',7,26),
(3041230,'Windrose',245999.00,'2026-04-14','Very Positive',27384,'https://store.steampowered.com/app/3041230',87,67),
(3059520,'F1® 25',408000.00,'2025-05-30','Very Positive',9700,'https://store.steampowered.com/app/3059520',19,26),
(3065800,'Marathon',449999.00,'2026-03-05','Mostly Positive',35375,'https://store.steampowered.com/app/3065800',15,17),
(3105440,'Heroes of Might and Magic: Olden Era',299999.00,'2026-04-30','Very Positive',6042,'https://store.steampowered.com/app/3105440',86,43),
(3124540,'Far Far West',136999.00,'2026-04-28','Very Positive',18954,'https://store.steampowered.com/app/3124540',87,31),
(3159330,'Assassin’s Creed Shadows',799000.00,'2025-03-19','Mixed',15510,'https://store.steampowered.com/app/3159330',83,83),
(3164500,'Schedule I',165999.00,'2025-03-24','Overwhelmingly Positive',196530,'https://store.steampowered.com/app/3164500',87,84),
(3240220,'Grand Theft Auto V Enhanced',119000.00,'2025-03-04','Very Positive',69864,'https://store.steampowered.com/app/3240220',70,70),
(3241660,'R.E.P.O.',84500.00,'2025-02-26','Very Positive',135208,'https://store.steampowered.com/app/3241660',87,84),
(3274580,'Anno 117: Pax Romana',596250.00,'2025-11-12','Mixed',5282,'https://store.steampowered.com/app/3274580',87,83),
(3321460,'Crimson Desert',799000.00,'2026-03-19','Mostly Positive',59550,'https://store.steampowered.com/app/3321460',61,63),
(3405690,'EA SPORTS FC™ 26',239000.00,'2025-09-25','Mixed',25916,'https://store.steampowered.com/app/3405690',25,26),
(3472040,'NBA 2K26',889000.00,'2025-09-04','Mixed',12884,'https://store.steampowered.com/app/3472040',91,1),
(3513350,'Wuthering Waves',0.00,'2025-04-28','Very Positive',28203,'https://store.steampowered.com/app/3513350',87,84),
(3527290,'PEAK',69999.00,'2025-06-16','Very Positive',133347,'https://store.steampowered.com/app/3527290',87,4),
(3557620,'Blue Archive',0.00,'2025-07-03','Very Positive',9302,'https://store.steampowered.com/app/3557620',53,56),
(3564740,'Where Winds Meet',0.00,'2025-11-14','Very Positive',62778,'https://store.steampowered.com/app/3564740',87,84),
(3656800,'Train Sim World® 6',13936358.00,'2025-09-30','Mostly Positive',1944,'https://store.steampowered.com/app/3656800',24,25),
(3679080,'The Seven Deadly Sins: Origin',0.00,'2026-03-16','Mixed',4187,'https://store.steampowered.com/app/3679080',87,84),
(3712080,'Funnel Runners',0.00,'2026-07-16','Very Positive',1053,'https://store.steampowered.com/app/3712080',87,84),
(3751950,'Assassin\'s Creed Black Flag Resynced',679000.00,'2026-07-09','Very Positive',9903,'https://store.steampowered.com/app/3751950',87,83),
(3764200,'Resident Evil Requiem',313199.00,'2026-02-26','Very Positive',52191,'https://store.steampowered.com/app/3764200',16,18),
(3767850,'SpiritVale',134999.00,'2026-07-15','Mixed',862,'https://store.steampowered.com/app/3767850',87,84),
(3768760,'007 First Light',730000.00,'2026-05-26','Very Positive',16617,'https://store.steampowered.com/app/3768760',42,44),
(3808690,'Pathogenic',29099.00,'2026-07-16','Overwhelmingly Positive',1261,'https://store.steampowered.com/app/3808690',87,75),
(3839790,'Granblue Fantasy: Relink - Endless Ragnarok Upgrade Kit (Standard Edition)',299000.00,'2026-07-08','Very Positive',906,'https://store.steampowered.com/app/3839790',87,84),
(3844970,'Burglin\' Gnomes',0.00,'2026-06-10','Very Positive',1903,'https://store.steampowered.com/app/3844970',87,84),
(3892270,'Gamble With Your Friends',20499.00,'2026-05-01','Very Positive',9653,'https://store.steampowered.com/app/3892270',76,78),
(3932890,'Escape from Tarkov',324999.00,'2025-11-15','Mixed',11863,'https://store.steampowered.com/app/3932890',87,84),
(3949040,'RV There Yet?',74000.00,'2025-10-21','Very Positive',29826,'https://store.steampowered.com/app/3949040',87,84),
(4025700,'Heartopia',0.00,'2026-01-16','Mostly Positive',7601,'https://store.steampowered.com/app/4025700',95,90),
(4032350,'EA SPORTS™ College Football 27',799000.00,'2026-07-09','Mostly Negative',1580,'https://store.steampowered.com/app/4032350',82,26),
(4069520,'Super Battle Golf',0.00,'2026-02-19','Very Positive',6698,'https://store.steampowered.com/app/4069520',87,61),
(4148240,'Road to Empress Ⅱ',193000.00,'2026-06-08','Very Positive',406,'https://store.steampowered.com/app/4148240',55,58),
(4162040,'Zenless Zone Zero',0.00,'2026-06-16','Very Positive',4510,'https://store.steampowered.com/app/4162040',87,84),
(4165870,'Steam Controller',0.00,NULL,NULL,0,'https://store.steampowered.com/app/4165870',87,84),
(4165910,'Steam Machine',0.00,NULL,NULL,0,'https://store.steampowered.com/app/4165910',87,84),
(4197610,'Librarian: Tidy Up the Arcane Library!',58499.00,'2026-04-30','Very Positive',13533,'https://store.steampowered.com/app/4197610',87,84),
(4210580,'Ore Factory Squad ⛏️',0.00,'2026-07-16','Very Positive',518,'https://store.steampowered.com/app/4210580',98,65),
(4380490,'Cat Mail Co.',49499.00,'2026-07-09','Very Positive',1587,'https://store.steampowered.com/app/4380490',87,40),
(4435490,'Call of Duty®: Modern Warfare® 4',999000.00,'2026-10-22',NULL,0,'https://store.steampowered.com/app/4435490',87,2),
(4508340,'NTE: Neverness to Everness',0.00,'2026-07-07','Very Positive',1536,'https://store.steampowered.com/app/4508340',87,84),
(4704690,'MECCHA CHAMELEON',58499.00,'2026-06-09','Very Positive',35293,'https://store.steampowered.com/app/4704690',97,93);
/*!40000 ALTER TABLE `Games` ENABLE KEYS */;
UNLOCK TABLES;
COMMIT;
SET AUTOCOMMIT=@OLD_AUTOCOMMIT;

--
-- Table structure for table `Genres`
--

DROP TABLE IF EXISTS `Genres`;
/*!40101 SET @saved_cs_client     = @@character_set_client */;
/*!40101 SET character_set_client = utf8mb4 */;
CREATE TABLE `Genres` (
  `genre_id` int(11) NOT NULL AUTO_INCREMENT,
  `genre_name` varchar(255) NOT NULL,
  PRIMARY KEY (`genre_id`)
) ENGINE=InnoDB AUTO_INCREMENT=28 DEFAULT CHARSET=utf8mb4 COLLATE=utf8mb4_uca1400_ai_ci;
/*!40101 SET character_set_client = @saved_cs_client */;

--
-- Dumping data for table `Genres`
--

SET @OLD_AUTOCOMMIT=@@AUTOCOMMIT, @@AUTOCOMMIT=0;
LOCK TABLES `Genres` WRITE;
/*!40000 ALTER TABLE `Genres` DISABLE KEYS */;
INSERT INTO `Genres` VALUES
(1,'Action'),
(2,'Action Games'),
(3,'Adventure'),
(4,'Adventure Games'),
(5,'Animation & Modeling'),
(6,'Casual'),
(7,'Casual Games'),
(8,'Design & Illustration'),
(9,'Early Access'),
(10,'Early Access Games'),
(11,'Free To Play'),
(12,'Free To Play Games'),
(13,'Indie'),
(14,'Indie Games'),
(15,'Massively Multiplayer'),
(16,'Massively Multiplayer Games'),
(17,'RPG'),
(18,'RPG Games'),
(19,'Racing'),
(20,'Racing Games'),
(21,'Simulation'),
(22,'Simulation Games'),
(23,'Sports'),
(24,'Sports Games'),
(25,'Strategy'),
(26,'Strategy Games'),
(27,'Utilities');
/*!40000 ALTER TABLE `Genres` ENABLE KEYS */;
UNLOCK TABLES;
COMMIT;
SET AUTOCOMMIT=@OLD_AUTOCOMMIT;

--
-- Table structure for table `Library`
--

DROP TABLE IF EXISTS `Library`;
/*!40101 SET @saved_cs_client     = @@character_set_client */;
/*!40101 SET character_set_client = utf8mb4 */;
CREATE TABLE `Library` (
  `game_id` int(11) NOT NULL,
  `user_id` int(11) NOT NULL,
  `purchase_date` date NOT NULL,
  `played_time` int(11) NOT NULL,
  `last_played_date` date NOT NULL,
  `installed` tinyint(1) NOT NULL,
  PRIMARY KEY (`game_id`,`user_id`),
  KEY `user_id` (`user_id`),
  CONSTRAINT `Library_ibfk_1` FOREIGN KEY (`game_id`) REFERENCES `Games` (`id`),
  CONSTRAINT `Library_ibfk_2` FOREIGN KEY (`user_id`) REFERENCES `Users` (`user_id`)
) ENGINE=InnoDB DEFAULT CHARSET=utf8mb4 COLLATE=utf8mb4_uca1400_ai_ci;
/*!40101 SET character_set_client = @saved_cs_client */;

--
-- Dumping data for table `Library`
--

SET @OLD_AUTOCOMMIT=@@AUTOCOMMIT, @@AUTOCOMMIT=0;
LOCK TABLES `Library` WRITE;
/*!40000 ALTER TABLE `Library` DISABLE KEYS */;
/*!40000 ALTER TABLE `Library` ENABLE KEYS */;
UNLOCK TABLES;
COMMIT;
SET AUTOCOMMIT=@OLD_AUTOCOMMIT;

--
-- Table structure for table `Publishers`
--

DROP TABLE IF EXISTS `Publishers`;
/*!40101 SET @saved_cs_client     = @@character_set_client */;
/*!40101 SET character_set_client = utf8mb4 */;
CREATE TABLE `Publishers` (
  `pub_id` int(11) NOT NULL AUTO_INCREMENT,
  `pub_name` varchar(255) NOT NULL,
  PRIMARY KEY (`pub_id`)
) ENGINE=InnoDB AUTO_INCREMENT=97 DEFAULT CHARSET=utf8mb4 COLLATE=utf8mb4_uca1400_ai_ci;
/*!40101 SET character_set_client = @saved_cs_client */;

--
-- Dumping data for table `Publishers`
--

SET @OLD_AUTOCOMMIT=@@AUTOCOMMIT, @@AUTOCOMMIT=0;
LOCK TABLES `Publishers` WRITE;
/*!40000 ALTER TABLE `Publishers` DISABLE KEYS */;
INSERT INTO `Publishers` VALUES
(1,'2K'),
(2,'Activision'),
(3,'AdHoc Studio'),
(4,'Aggro Crab'),
(5,'Annapurna Interactive'),
(6,'ArenaNet®'),
(7,'Avalanche Studios'),
(8,'Awaken Realms'),
(9,'Axolot Games'),
(10,'Bandai Namco Entertainment'),
(11,'Bandai Namco Entertainment Inc.'),
(12,'BeamNG'),
(13,'Behaviour Interactive Inc.'),
(14,'Bethesda Softworks'),
(15,'Blizzard Entertainment, Inc.'),
(16,'Bohemia Interactive'),
(17,'Bungie'),
(18,'CAPCOM Co., Ltd.'),
(19,'CD PROJEKT RED'),
(20,'Coffee Stain Publishing'),
(21,'ConcernedApe'),
(22,'Crytek'),
(23,'Deep Silver'),
(24,'Digital Extremes'),
(25,'Dovetail Games - TSW'),
(26,'Electronic Arts'),
(27,'Envar Games'),
(28,'Evil Landfall?'),
(29,'Facepunch Studios'),
(30,'Fatshark'),
(31,'Fireshine Games'),
(32,'Focus Entertainment'),
(33,'Frontier Developments'),
(34,'Frozen District'),
(35,'Funcom'),
(36,'FuturLab'),
(37,'GIANTS Software'),
(38,'Gaijin Network Ltd'),
(39,'Gameloft'),
(40,'Gamersky Games'),
(41,'Gearbox Publishing'),
(42,'Hello Games'),
(43,'Hooded Horse'),
(44,'IO Interactive A/S'),
(45,'Jagex Ltd'),
(46,'KONAMI'),
(47,'KRAFTON, Inc.'),
(48,'Kepler Interactive'),
(49,'Kinetic Games'),
(50,'Klei Entertainment'),
(51,'Larian Studios'),
(52,'Ludeon Studios'),
(53,'MINTROCKET'),
(54,'Mega Crit'),
(55,'NEXON'),
(56,'NEXON Korea'),
(57,'Nacon'),
(58,'New One Studio'),
(59,'Newnight'),
(60,'Nicalis, Inc.'),
(61,'Oro Interactive'),
(62,'Paradox Interactive'),
(63,'Pearl Abyss'),
(64,'PlayStation Publishing LLC'),
(65,'PlayWay S.A.'),
(66,'Pocketpair'),
(67,'Pocketpair Publishing (Japan)'),
(68,'Re-Logic'),
(69,'Red Barrels'),
(70,'Rockstar Games'),
(71,'SCS Software'),
(72,'SEGA'),
(73,'Secret Mode'),
(74,'Sloclap'),
(75,'Slug Disco'),
(76,'Starbreeze Entertainment'),
(77,'Studio Wildcard'),
(78,'TENSTACK'),
(79,'THQ Nordic'),
(80,'TaleWorlds Entertainment'),
(81,'Team17'),
(82,'The Fun Pimps Entertainment LLC'),
(83,'Ubisoft'),
(84,'Unknown'),
(85,'Unknown Worlds Entertainment'),
(86,'VRChat Inc.'),
(87,'Valve'),
(88,'Wargaming Group Limited'),
(89,'Warner Bros. Games'),
(90,'XD'),
(91,'XSEED Games'),
(92,'Xbox Game Studios'),
(93,'lemorion_1224'),
(94,'rokaplay'),
(95,'tinyBuild'),
(96,'tobyfox');
/*!40000 ALTER TABLE `Publishers` ENABLE KEYS */;
UNLOCK TABLES;
COMMIT;
SET AUTOCOMMIT=@OLD_AUTOCOMMIT;

--
-- Table structure for table `Tags`
--

DROP TABLE IF EXISTS `Tags`;
/*!40101 SET @saved_cs_client     = @@character_set_client */;
/*!40101 SET character_set_client = utf8mb4 */;
CREATE TABLE `Tags` (
  `tag_id` int(11) NOT NULL AUTO_INCREMENT,
  `tag_name` varchar(255) NOT NULL,
  PRIMARY KEY (`tag_id`)
) ENGINE=InnoDB AUTO_INCREMENT=242 DEFAULT CHARSET=utf8mb4 COLLATE=utf8mb4_uca1400_ai_ci;
/*!40101 SET character_set_client = @saved_cs_client */;

--
-- Dumping data for table `Tags`
--

SET @OLD_AUTOCOMMIT=@@AUTOCOMMIT, @@AUTOCOMMIT=0;
LOCK TABLES `Tags` WRITE;
/*!40000 ALTER TABLE `Tags` DISABLE KEYS */;
INSERT INTO `Tags` VALUES
(1,'2D'),
(2,'2D Fighter'),
(3,'3D'),
(4,'3D Platformer'),
(5,'4 Player Local'),
(6,'4X'),
(7,'Action'),
(8,'Action RPG'),
(9,'Action Roguelike'),
(10,'Action-Adventure'),
(11,'Adventure'),
(12,'Agriculture'),
(13,'Aliens'),
(14,'Alternate History'),
(15,'Animation & Modeling'),
(16,'Anime'),
(17,'Arcade'),
(18,'Artificial Intelligence'),
(19,'Assassins'),
(20,'Atmospheric'),
(21,'Automation'),
(22,'Automobile Sim'),
(23,'Base Building'),
(24,'Basketball'),
(25,'Battle Royale'),
(26,'Beautiful'),
(27,'Building'),
(28,'Bullet Heaven'),
(29,'Bullet Hell'),
(30,'CRPG'),
(31,'Capitalism'),
(32,'Card Battler'),
(33,'Card Game'),
(34,'Cartoon'),
(35,'Casual'),
(36,'Cats'),
(37,'Character Action Game'),
(38,'Character Customization'),
(39,'Choices Matter'),
(40,'Choose Your Own Adventure'),
(41,'Cinematic'),
(42,'City Builder'),
(43,'Class-Based'),
(44,'Classic'),
(45,'Cleaning'),
(46,'Co-op'),
(47,'Co-op Campaign'),
(48,'Collectathon'),
(49,'Colony Sim'),
(50,'Colorful'),
(51,'Combat'),
(52,'Comedy'),
(53,'Comic Book'),
(54,'Competitive'),
(55,'Controller'),
(56,'Cooking'),
(57,'Cozy'),
(58,'Crafting'),
(59,'Creature Collector'),
(60,'Crime'),
(61,'Cute'),
(62,'Cyberpunk'),
(63,'Dark'),
(64,'Dark Comedy'),
(65,'Dark Fantasy'),
(66,'Dating Sim'),
(67,'Deckbuilding'),
(68,'Decorating'),
(69,'Demons'),
(70,'Design & Illustration'),
(71,'Destruction'),
(72,'Difficult'),
(73,'Dinosaurs'),
(74,'Diplomacy'),
(75,'Dragons'),
(76,'Driving'),
(77,'Dungeon Crawler'),
(78,'Dwarves'),
(79,'Early Access'),
(80,'Economy'),
(81,'Emotional'),
(82,'Epic'),
(83,'Episodic'),
(84,'Escape Room'),
(85,'Exploration'),
(86,'Extraction Shooter'),
(87,'FMV'),
(88,'FPS'),
(89,'Fantasy'),
(90,'Farming Sim'),
(91,'Fast-Paced'),
(92,'Female Protagonist'),
(93,'Fighting'),
(94,'First-Person'),
(95,'Fishing'),
(96,'Flight'),
(97,'Football (American)'),
(98,'Football (Soccer)'),
(99,'Free to Play'),
(100,'Funny'),
(101,'Futuristic'),
(102,'Gambling'),
(103,'God Game'),
(104,'Golf'),
(105,'Gore'),
(106,'Gothic'),
(107,'Grand Strategy'),
(108,'Great Soundtrack'),
(109,'Gun Customization'),
(110,'Hack and Slash'),
(111,'Hand-drawn'),
(112,'Heist'),
(113,'Hero Shooter'),
(114,'Hidden Object'),
(115,'Historical'),
(116,'Hobby Sim'),
(117,'Horror'),
(118,'Horses'),
(119,'Hunting'),
(120,'Immersive'),
(121,'Immersive Sim'),
(122,'Indie'),
(123,'Interactive Fiction'),
(124,'Investigation'),
(125,'Isometric'),
(126,'JRPG'),
(127,'LGBTQ+'),
(128,'Life Sim'),
(129,'Local Co-Op'),
(130,'Local Multiplayer'),
(131,'Loot'),
(132,'Looter Shooter'),
(133,'Lore-Rich'),
(134,'Lovecraftian'),
(135,'MMORPG'),
(136,'MOBA'),
(137,'Magic'),
(138,'Management'),
(139,'Martial Arts'),
(140,'Massively Multiplayer'),
(141,'Medieval'),
(142,'Memes'),
(143,'Military'),
(144,'Mining'),
(145,'Moddable'),
(146,'Modern'),
(147,'Multiplayer'),
(148,'Mystery'),
(149,'Mythology'),
(150,'Nature'),
(151,'Naval Combat'),
(152,'Ninja'),
(153,'Nudity'),
(154,'Online Co-Op'),
(155,'Open World'),
(156,'Open World Survival Craft'),
(157,'Organizing'),
(158,'Party Game'),
(159,'Physics'),
(160,'Pirates'),
(161,'Pixel Graphics'),
(162,'Platformer'),
(163,'Political'),
(164,'Political Sim'),
(165,'Politics'),
(166,'Post-apocalyptic'),
(167,'Procedural Generation'),
(168,'Psychological'),
(169,'Psychological Horror'),
(170,'Puzzle'),
(171,'PvE'),
(172,'PvP'),
(173,'RPG'),
(174,'RTS'),
(175,'Racing'),
(176,'Real Time Tactics'),
(177,'Real-Time with Pause'),
(178,'Realistic'),
(179,'Relaxing'),
(180,'Remake'),
(181,'Replay Value'),
(182,'Resource Management'),
(183,'Robots'),
(184,'Roguelike'),
(185,'Roguelike Deckbuilder'),
(186,'Roguelite'),
(187,'Romance'),
(188,'Sailing'),
(189,'Samurai'),
(190,'Sandbox'),
(191,'Sci-fi'),
(192,'Score Attack'),
(193,'Sequel'),
(194,'Sexual Content'),
(195,'Shooter'),
(196,'Simulation'),
(197,'Singleplayer'),
(198,'Skating'),
(199,'Software'),
(200,'Souls-like'),
(201,'Space'),
(202,'Spectacle fighter'),
(203,'Split Screen'),
(204,'Sports'),
(205,'Stealth'),
(206,'Story Rich'),
(207,'Strategy'),
(208,'Stylized'),
(209,'Superhero'),
(210,'Supernatural'),
(211,'Survival'),
(212,'Survival Horror'),
(213,'Swordplay'),
(214,'Tactical'),
(215,'Tactical RPG'),
(216,'Team-Based'),
(217,'Third Person'),
(218,'Third-Person Shooter'),
(219,'Time Management'),
(220,'Top-Down Shooter'),
(221,'Trading'),
(222,'Trading Card Game'),
(223,'Trains'),
(224,'Transportation'),
(225,'Turn-Based Combat'),
(226,'Turn-Based Strategy'),
(227,'Turn-Based Tactics'),
(228,'Underwater'),
(229,'Utilities'),
(230,'VR'),
(231,'Vampires'),
(232,'Vehicular Combat'),
(233,'Violent'),
(234,'Visual Novel'),
(235,'Voxel'),
(236,'War'),
(237,'Wargame'),
(238,'Western'),
(239,'World War II'),
(240,'Zombies'),
(241,'eSports');
/*!40000 ALTER TABLE `Tags` ENABLE KEYS */;
UNLOCK TABLES;
COMMIT;
SET AUTOCOMMIT=@OLD_AUTOCOMMIT;

--
-- Table structure for table `Transactions`
--

DROP TABLE IF EXISTS `Transactions`;
/*!40101 SET @saved_cs_client     = @@character_set_client */;
/*!40101 SET character_set_client = utf8mb4 */;
CREATE TABLE `Transactions` (
  `transaction_id` int(11) NOT NULL AUTO_INCREMENT,
  `user_id` int(11) NOT NULL,
  `game_id` int(11) NOT NULL,
  `amount` decimal(10,2) NOT NULL,
  `type` enum('purchase','refund') NOT NULL,
  `payment_method` enum('credit_card','paypal','bank_transfer') NOT NULL,
  `created_at` date NOT NULL,
  PRIMARY KEY (`transaction_id`),
  UNIQUE KEY `unique_transaction` (`user_id`,`game_id`,`created_at`),
  KEY `game_id` (`game_id`),
  CONSTRAINT `Transactions_ibfk_1` FOREIGN KEY (`user_id`) REFERENCES `Users` (`user_id`),
  CONSTRAINT `Transactions_ibfk_2` FOREIGN KEY (`game_id`) REFERENCES `Games` (`id`)
) ENGINE=InnoDB DEFAULT CHARSET=utf8mb4 COLLATE=utf8mb4_uca1400_ai_ci;
/*!40101 SET character_set_client = @saved_cs_client */;

--
-- Dumping data for table `Transactions`
--

SET @OLD_AUTOCOMMIT=@@AUTOCOMMIT, @@AUTOCOMMIT=0;
LOCK TABLES `Transactions` WRITE;
/*!40000 ALTER TABLE `Transactions` DISABLE KEYS */;
/*!40000 ALTER TABLE `Transactions` ENABLE KEYS */;
UNLOCK TABLES;
COMMIT;
SET AUTOCOMMIT=@OLD_AUTOCOMMIT;

--
-- Table structure for table `Users`
--

DROP TABLE IF EXISTS `Users`;
/*!40101 SET @saved_cs_client     = @@character_set_client */;
/*!40101 SET character_set_client = utf8mb4 */;
CREATE TABLE `Users` (
  `user_id` int(11) NOT NULL AUTO_INCREMENT,
  `name` varchar(255) NOT NULL,
  `username` varchar(255) NOT NULL,
  `password` varchar(255) NOT NULL,
  `email` varchar(255) NOT NULL,
  `country` varchar(255) NOT NULL,
  `state` varchar(255) NOT NULL,
  `profile_picture` varchar(255) NOT NULL,
  PRIMARY KEY (`user_id`),
  UNIQUE KEY `username` (`username`),
  UNIQUE KEY `email` (`email`)
) ENGINE=InnoDB DEFAULT CHARSET=utf8mb4 COLLATE=utf8mb4_uca1400_ai_ci;
/*!40101 SET character_set_client = @saved_cs_client */;

--
-- Dumping data for table `Users`
--

SET @OLD_AUTOCOMMIT=@@AUTOCOMMIT, @@AUTOCOMMIT=0;
LOCK TABLES `Users` WRITE;
/*!40000 ALTER TABLE `Users` DISABLE KEYS */;
/*!40000 ALTER TABLE `Users` ENABLE KEYS */;
UNLOCK TABLES;
COMMIT;
SET AUTOCOMMIT=@OLD_AUTOCOMMIT;

--
-- Table structure for table `Wallet`
--

DROP TABLE IF EXISTS `Wallet`;
/*!40101 SET @saved_cs_client     = @@character_set_client */;
/*!40101 SET character_set_client = utf8mb4 */;
CREATE TABLE `Wallet` (
  `user_id` int(11) NOT NULL,
  `currency` varchar(10) NOT NULL,
  `balance` decimal(10,2) NOT NULL,
  PRIMARY KEY (`user_id`)
) ENGINE=InnoDB DEFAULT CHARSET=utf8mb4 COLLATE=utf8mb4_uca1400_ai_ci;
/*!40101 SET character_set_client = @saved_cs_client */;

--
-- Dumping data for table `Wallet`
--

SET @OLD_AUTOCOMMIT=@@AUTOCOMMIT, @@AUTOCOMMIT=0;
LOCK TABLES `Wallet` WRITE;
/*!40000 ALTER TABLE `Wallet` DISABLE KEYS */;
/*!40000 ALTER TABLE `Wallet` ENABLE KEYS */;
UNLOCK TABLES;
COMMIT;
SET AUTOCOMMIT=@OLD_AUTOCOMMIT;
/*!40103 SET TIME_ZONE=@OLD_TIME_ZONE */;

/*!40101 SET SQL_MODE=@OLD_SQL_MODE */;
/*!40014 SET FOREIGN_KEY_CHECKS=@OLD_FOREIGN_KEY_CHECKS */;
/*!40014 SET UNIQUE_CHECKS=@OLD_UNIQUE_CHECKS */;
/*!40101 SET CHARACTER_SET_CLIENT=@OLD_CHARACTER_SET_CLIENT */;
/*!40101 SET CHARACTER_SET_RESULTS=@OLD_CHARACTER_SET_RESULTS */;
/*!40101 SET COLLATION_CONNECTION=@OLD_COLLATION_CONNECTION */;
/*M!100616 SET NOTE_VERBOSITY=@OLD_NOTE_VERBOSITY */;

-- Dump completed on 2026-07-21 23:58:37
